freq,indic_ur,cities\TIME_PERIOD	2013 	2014 	2015 	2016 	2017 	2018 	2019 	2020 	2021 	2022 
A,DE1001V,AT	8451860 	8507786 	: 	: 	: 	: 	: 	: 	: 	: 
A,DE1001V,AT001C	1741246 	1766746 	: 	: 	: 	: 	: 	: 	: 	: 
A,DE1001V,AT002C	265778 	269997 	: 	: 	: 	: 	: 	: 	: 	: 
A,DE1001V,AT003C	191501 	193814 	: 	: 	: 	: 	: 	: 	: 	: 
A,DE1001V,AT004C	145871 	146631 	: 	: 	: 	: 	: 	: 	: 	: 
A,DE1001V,AT005C	122458 	124579 	: 	: 	: 	: 	: 	: 	: 	: 
A,DE1001V,AT006C	95450 	96640 	: 	: 	: 	: 	: 	: 	: 	: 
A,DE1001V,BE	11161642 	11203992 	11258434 	11307192 	11351727 	11398589 	11455519 	11522440 	11554767 	: 
A,DE1001V,BE001C	1174624 	1183841 	1196831 	1201129 	1199095 	1205492 	1215289 	1223364 	1226329 	: 
A,DE1001V,BE002C	512230 	513915 	515593 	517731 	520859 	523591 	526439 	530014 	530627 	: 
A,DE1001V,BE003C	249754 	251984 	253914 	257226 	259462 	260329 	262205 	263687 	264019 	: 
A,DE1001V,BE004C	204826 	203640 	203228 	202602 	201884 	202341 	202637 	203314 	238412 	: 
A,DE1001V,BE005C	382009 	382637 	382852 	382488 	383725 	383710 	383482 	383700 	405980 	: 
A,DE1001V,BE006C	118145 	117886 	118335 	118219 	118393 	118526 	118569 	118916 	118802 	: 
A,DE1001V,BE007C	111224 	111348 	111312 	110738 	111111 	111334 	111239 	112125 	112373 	: 
A,DE1001V,BE008C	98119 	98591 	98531 	99365 	99640 	100524 	101132 	101625 	100772 	: 
A,DE1001V,BE009C	94316 	95357 	95469 	95046 	95332 	95369 	95679 	95922 	157333 	: 
A,DE1001V,BE010C	75687 	75604 	75577 	75639 	75849 	76342 	76814 	77136 	77303 	: 
A,DE1001V,BE011C	70458 	70681 	70813 	70782 	71204 	71451 	71551 	71732 	71861 	: 
A,DE1001V,BE012C	: 	: 	: 	: 	: 	: 	: 	: 	87210 	: 
A,DE1001V,BE013C	: 	: 	: 	: 	: 	: 	: 	: 	59681 	: 
A,DE1001V,BE014C	: 	: 	: 	: 	: 	: 	: 	: 	104550 	: 
A,DE1001V,BE015C	: 	: 	: 	: 	: 	: 	: 	: 	70490 	: 
A,DE1001V,BG	7284552 e	7245677 e	7202198 	7153784 	7101859 	7050034 	7000039 	6951482 	: 	: 
A,DE1001V,BG001C	1213542 e	1221292 e	1228282 	1231981 	1236047 	1238438 	1241675 	1242568 	: 	: 
A,DE1001V,BG002C	339129 e	341041 e	341567 	341625 	343424 	345213 	346893 	347851 	: 	: 
A,DE1001V,BG003C	334744 e	335819 e	335949 	334466 	335177 	335854 	336505 	336216 	: 	: 
A,DE1001V,BG004C	199083 e	199364 e	198725 	203017 	202766 	202694 	202434 	201779 	: 	: 
A,DE1001V,BG005C	104416 e	103122 e	101978 	99628 	98467 	97557 	96610 	95086 	: 	: 
A,DE1001V,BG006C	148350 e	147817 e	147055 	145765 	144936 	144125 	142902 	141231 	: 	: 
A,DE1001V,BG007C	46877 e	46068 e	45327 	43595 	42801 	42195 	41583 	40620 	: 	: 
A,DE1001V,BG008C	137881 e	137834 e	137729 	136807 	136781 	136307 	135715 	134726 	: 	: 
A,DE1001V,BG009C	90404 e	89723 e	89065 	87895 	87322 	87063 	86275 	84985 	: 	: 
A,DE1001V,BG010C	89627 e	88807 e	87817 	86292 	85402 	84502 	83584 	82240 	: 	: 
A,DE1001V,BG011C	80143 e	79710 e	78884 	77709 	76967 	75837 	75500 	75442 	: 	: 
A,DE1001V,BG012C	78371 e	77382 e	76247 	74824 	74110 	73638 	73111 	72241 	: 	: 
A,DE1001V,BG013C	72778 e	72159 e	71561 	70224 	69542 	68846 	68074 	67222 	: 	: 
A,DE1001V,BG014C	75334 e	74826 e	73819 	72336 	71686 	71214 	70406 	69219 	: 	: 
A,DE1001V,BG015C	71195 e	70728 e	70321 	69384 	68963 	68572 	68194 	67650 	: 	: 
A,DE1001V,BG016C	70562 e	70583 e	70293 	69610 	69567 	69417 	69178 	68679 	: 	: 
A,DE1001V,BG017C	68871 e	68984 e	68676 	68320 	68478 	68780 	68859 	68828 	: 	: 
A,DE1001V,BG018C	58856 e	57771 e	56517 	54150 	53570 	53120 	52617 	51674 	: 	: 
A,DE1001V,CH	8039060 	8139631 	8237666 	8327126 	: 	: 	: 	: 	: 	: 
A,DE1001V,CH001C	216772 	219202 	221330 	223453 	226241 	227924 	228474 	229391 	230200 	229648 
A,DE1001V,CH002C	628763 	636561 	647786 	657918 	668341 	677118 	686121 	695019 	700889 	704537 
A,DE1001V,CH003C	382099 	386660 	393307 	399103 	402866 	407605 	411367 	415360 	416693 	419185 
A,DE1001V,CH004C	331281 	334220 	336466 	338453 	341193 	342698 	343818 	345476 	346640 	346276 
A,DE1001V,CH005C	235036 	239243 	241628 	244668 	248302 	250937 	252922 	254398 	257096 	258799 
A,DE1001V,CH006C	155775 	157412 	158637 	159189 	160244 	160566 	161790 	163068 	163830 	165306 
A,DE1001V,CH007C	104468 	105676 	106778 	108268 	109775 	110912 	111851 	113173 	114220 	115129 
A,DE1001V,CH008C	85757 	87329 	88598 	88747 	88940 	88484 	88337 	87829 	87804 	88138 
A,DE1001V,CH009C	74111 	74581 	75310 	75538 	75481 	75522 	75833 	76090 	76213 	76328 
A,DE1001V,CH010C	52351 	53031 	: 	: 	: 	: 	: 	: 	: 	: 
A,DE1001V,CY	865900 	858000 	847000 	848300 	: 	: 	: 	: 	: 	: 
A,DE1001V,CY001C	246400 	244100 	241000 	241400 	: 	: 	: 	: 	: 	: 
A,DE1001V,CZ	10512419 	10538275 	10553843 d	10578820 	10610055 	: 	: 	: 	: 	: 
A,DE1001V,CZ001C	1243201 	1259079 	1267449 d	1280508 	1294513 	: 	1324277 d	: 	: 	: 
A,DE1001V,CZ002C	377508 	377440 	377028 d	377973 	379527 	: 	381346 d	: 	: 	: 
A,DE1001V,CZ003C	295653 	294200 	292681 d	291634 	290450 	: 	287968 d	: 	: 	: 
A,DE1001V,CZ004C	168034 	169033 	169858 d	170548 	170936 	: 	174842 d	: 	: 	: 
A,DE1001V,CZ005C	93523 	93409 	93248 d	92984 	93040 	: 	92716 d	: 	: 	: 
A,DE1001V,CZ006C	99489 	99809 	100154 d	100378 	100494 	: 	100663 d	: 	: 	: 
A,DE1001V,CZ007C	102301 	102562 	103288 d	103853 	103979 	: 	104802 d	: 	: 	: 
A,DE1001V,CZ008C	93253 	93285 	93513 d	93470 	93863 	: 	94463 d	: 	: 	: 
A,DE1001V,CZ009C	92904 	92808 	92891 d	92929 	92917 	: 	92939 d	: 	: 	: 
A,DE1001V,CZ010C	89432 	89693 	89638 d	90044 	90335 	: 	91727 d	: 	: 	: 
A,DE1001V,CZ011C	75278 	75112 	75171 d	75117 	74947 	: 	74935 d	: 	: 	: 
A,DE1001V,CZ012C	68519 	68552 	68466 d	68660 	68804 	: 	69337 d	: 	: 	: 
A,DE1001V,CZ013C	49864 	49781 	49326 d	49046 	48776 	: 	48479 d	: 	: 	: 
A,DE1001V,CZ014C	50510 	50521 	50714 d	50559 	50724 	: 	51216 d	: 	: 	: 
A,DE1001V,CZ015C	76109 	75049 	74101 d	73274 	72382 	: 	71200 d	: 	: 	: 
A,DE1001V,CZ016C	67332 	67089 	67002 d	66768 	66644 	: 	66034 d	: 	: 	: 
A,DE1001V,CZ017C	56848 	55985 	55163 d	54413 	53522 	: 	52128 d	: 	: 	: 
A,DE1001V,CZ018C	69214 	68842 	68545 d	68334 	68132 	: 	67876 d	: 	: 	: 
A,DE1001V,DE	80523746 	80767463 	81197537 	82175684 	82521653 	82792351 	: 	: 	83155031 	: 
A,DE1001V,DE001C	3375222 	3421829 	3469849 	3520031 	3574830 	3613495 	3644826 	3669491 	3664088 	: 
A,DE1001V,DE002C	1734272 	1746342 	1762791 	1787408 	1810438 	1830584 	1841179 	1847253 	1852478 	: 
A,DE1001V,DE003C	1388308 	1407836 	1429584 	1450381 	1464301 	1456039 	1471508 	1484226 	1488202 	: 
A,DE1001V,DE004C	1024373 	1034175 	1046680 	1060582 	1075935 	1080394 	1085664 	1087863 	1083498 	: 
A,DE1001V,DE005C	687775 	701350 	717624 	732688 	736414 	746878 	753056 	763380 	764104 	: 
A,DE1001V,DE006C	566862 	569884 	573784 	582624 	583084 	583393 	583109 	582760 	582415 	: 
A,DE1001V,DE007C	597939 	604297 	612441 	623738 	628032 	632743 	634830 	635911 	630305 	: 
A,DE1001V,DE008C	520838 	531562 	544479 	560472 	571088 	581980 	587857 	593145 	597493 	: 
A,DE1001V,DE009C	525105 	530754 	536308 	543825 	547172 	551072 	554649 	556780 	556227 	: 
A,DE1001V,DE010C	572087 	575944 	580511 	586181 	585813 	586600 	587010 	588250 	587696 	: 
A,DE1001V,DE011C	593682 	598686 	604527 	612178 	613230 	617280 	619294 	621877 	620523 	: 
A,DE1001V,DE012C	546451 	548547 	551767 	557464 	565719 	568006 	569352 	567559 	566573 	: 
A,DE1001V,DE013C	514137 	518386 	523642 	532163 	532864 	535061 	538068 	536925 	534049 	: 
A,DE1001V,DE014C	495121 	498876 	501072 	509975 	511628 	515201 	518365 	518370 	515543 	: 
A,DE1001V,DE015C	362213 	361734 	361876 	364742 	364920 	365529 	364628 	365587 	364454 	: 
A,DE1001V,DE016C	328314 	328864 	329782 	333090 	333451 	332552 	333786 	334195 	333509 	: 
A,DE1001V,DE017C	231440 	231565 	232470 	236991 	238005 	239173 	239257 	238762 	237865 	: 
A,DE1001V,DE018C	229924 	231021 	232306 	235723 	238136 	238478 	238697 	237565 	235775 	: 
A,DE1001V,DE019C	272636 	273871 	275116 	276218 	277619 	278654 	278342 	278474 	278609 	: 
A,DE1001V,DE020C	116650 	116891 	117665 	118914 	119177 	119529 	119801 	118911 	116845 	: 
A,DE1001V,DE021C	166654 	166640 	167108 	169278 	170936 	171265 	170880 	170632 	170921 	: 
A,DE1001V,DE022C	103504 	103108 	102923 	104529 	103881 	103949 	103725 	103902 	103487 	: 
A,DE1001V,DE023C	147925 	149743 	151879 	155353 	157437 	158254 	159207 	159878 	159174 	: 
A,DE1001V,DE024C	106544 	107233 	108472 	114914 	110111 	110013 	110636 	111528 	110674 	: 
A,DE1001V,DE025C	218043 	220286 	222203 	226393 	227590 	229636 	230241 	231195 	230940 	: 
A,DE1001V,DE026C	138296 	140276 	142292 	145465 	148638 	150894 	152610 	153094 	152270 	: 
A,DE1001V,DE027C	58537 	58018 	57649 	58092 	58193 	58237 	57873 	57751 	57015 	: 
A,DE1001V,DE028C	63236 	63315 	63477 	64131 	64355 	64426 	65090 	65228 	65098 	: 
A,DE1001V,DE029C	91264 	91583 	92138 	96800 	95668 	95797 	95818 	95653 	95609 	: 
A,DE1001V,DE030C	203485 	204880 	206219 	210118 	211113 	212988 	213699 	213981 	213692 	: 
A,DE1001V,DE031C	272699 	276542 	281111 	286374 	289584 	292851 	295135 	296582 	295830 	: 
A,DE1001V,DE032C	309869 	311287 	313958 	318809 	322125 	325490 	327258 	329673 	330579 	: 
A,DE1001V,DE033C	296033 	299103 	300051 	307755 	309999 	311919 	313092 	312060 	308436 	: 
A,DE1001V,DE034C	255087 	255430 	256853 	259996 	260925 	262188 	261454 	261034 	259665 	: 
A,DE1001V,DE035C	202756 	204268 	206991 	209779 	213528 	215110 	217118 	218578 	217123 	: 
A,DE1001V,DE036C	239866 	241533 	243148 	246306 	247441 	247943 	247548 	246794 	246601 	: 
A,DE1001V,DE037C	176996 	177201 	176926 	178151 	179709 	180966 	180741 	180374 	179349 	: 
A,DE1001V,DE038C	159456 	161468 	164042 	167745 	171810 	175710 	178089 	180334 	182112 	: 
A,DE1001V,DE039C	109779 	110643 	111434 	112586 	113605 	113844 	114024 	114052 	113388 	: 
A,DE1001V,DE040C	202887 	203431 	204167 	206011 	207513 	208409 	208886 	209191 	209061 	: 
A,DE1001V,DE041C	97112 	97162 	97382 	98520 	99302 	99684 	99845 	100030 	99662 	: 
A,DE1001V,DE042C	93799 	93119 	92899 	93537 	93197 	92928 	92666 	92174 	91815 	: 
A,DE1001V,DE043C	88295 	89242 	90378 	91271 	92186 	93004 	93542 	94145 	92722 	: 
A,DE1001V,DE044C	88834 	89907 	90934 	92643 	95370 	96130 	96023 	96492 	97137 	: 
A,DE1001V,DE045C	76545 	75728 	75534 	75995 	76201 	76316 	76278 	76089 	75189 	: 
A,DE1001V,DE046C	88200 	89639 	91116 	92973 	93035 	93593 	93499 	93584 	93358 	: 
A,DE1001V,DE047C	84496 	85383 	85871 	87464 	88347 	89447 	90546 	91506 	91077 	: 
A,DE1001V,DE048C	80923 	81128 	81916 	84674 	84070 	84557 	85181 	85707 	85686 	: 
A,DE1001V,DE049C	83462 	83971 	84694 	85942 	87432 	88519 	89504 	90164 	89934 	: 
A,DE1001V,DE050C	72433 	73125 	73147 	73836 	74675 	76226 	76851 	77129 	76401 	: 
A,DE1001V,DE051C	79645 	81141 	81692 	82859 	83789 	84441 	84760 	84911 	84446 	: 
A,DE1001V,DE052C	76951 	77058 	77588 	79197 	79680 	79335 	79487 	80196 	79905 	: 
A,DE1001V,DE053C	71149 	71032 	71032 	71574 	71664 	71886 	72124 	72184 	72040 	: 
A,DE1001V,DE054C	76680 	77733 	83280 	84455 	86543 	87343 	88546 	89802 	90131 	: 
A,DE1001V,DE055C	74121 	71668 	72546 	74072 	74494 	75192 	75351 	75711 	75301 	: 
A,DE1001V,DE056C	71482 	71572 	71601 	72148 	73065 	73999 	74657 	74783 	74048 	: 
A,DE1001V,DE057C	69871 	68508 	68721 	69748 	69561 	69706 	69602 	69540 	69399 	: 
A,DE1001V,DE058C	67681 	67844 	68167 	68986 	69187 	69928 	70527 	71002 	70858 	: 
A,DE1001V,DE059C	70863 	71167 	71952 	73331 	75743 	77179 	77592 	77373 	76674 	: 
A,DE1001V,DE060C	64218 	63967 	64077 	65201 	65049 	65148 	64931 	64597 	64014 	: 
A,DE1001V,DE061C	63509 	63437 	63311 	63602 	63794 	64259 	64086 	63761 	63372 	: 
A,DE1001V,DE062C	64779 	65036 	65540 	67253 	67466 	67973 	68586 	68635 	67980 	: 
A,DE1001V,DE063C	64625 	65044 	65624 	66947 	67529 	68330 	68907 	69151 	68940 	: 
A,DE1001V,DE064C	65322 	66179 	67509 	69211 	70025 	71193 	72404 	73411 	73065 	: 
A,DE1001V,DE065C	60795 	61669 	62215 	63971 	64159 	64599 	64858 	64905 	64595 	: 
A,DE1001V,DE066C	59935 	60464 	60889 	61844 	62672 	63080 	63324 	63551 	63591 	: 
A,DE1001V,DE067C	47035 	47332 	47724 	48363 	48445 	48417 	48561 	48762 	48750 	: 
A,DE1001V,DE068C	57357 	57301 	57525 	58041 	59101 	59517 	59421 	59418 	59205 	: 
A,DE1001V,DE069C	57333 	57153 	58350 	59108 	59611 	60088 	60865 	61283 	61221 	: 
A,DE1001V,DE070C	57328 	57448 	57687 	58465 	58736 	59060 	59646 	59967 	60388 	: 
A,DE1001V,DE071C	54242 	54042 	54193 	55255 	55904 	56391 	56324 	55980 	55784 	: 
A,DE1001V,DE072C	54109 	54285 	54631 	55709 	56115 	55873 	55767 	55847 	55590 	: 
A,DE1001V,DE073C	53888 	54969 	55689 	57237 	56978 	57727 	58707 	58978 	58841 	: 
A,DE1001V,DE074C	52098 	51851 	51610 	51969 	52724 	53437 	54032 	53426 	53319 	: 
A,DE1001V,DE075C	55771 	56445 	56685 	57286 	57985 	58886 	59382 	59232 	59282 	: 
A,DE1001V,DE076C	51063 	51135 	51262 	51649 	52446 	52828 	52954 	52955 	53188 	: 
A,DE1001V,DE077C	49764 	49740 	49855 	50284 	50551 	50931 	50378 	50561 	50741 	: 
A,DE1001V,DE078C	49038 	49454 	49952 	50566 	51074 	51781 	52469 	52803 	52415 	: 
A,DE1001V,DE079C	84606 	83616 	83061 	82919 	82505 	82111 	81237 	80103 	79354 	: 
A,DE1001V,DE080C	486816 	486855 	485465 	491231 	499845 	498110 	498590 	498686 	495885 	: 
A,DE1001V,DE081C	294627 	296690 	299844 	305780 	304781 	307997 	309370 	310658 	309721 	: 
A,DE1001V,DE082C	257607 	257850 	257651 	260368 	262528 	260305 	260654 	259645 	259105 	: 
A,DE1001V,DE083C	296599 	299708 	302178 	310039 	311846 	313559 	314319 	315293 	316403 	: 
A,DE1001V,DE084C	241210 	242022 	243521 	248645 	246353 	246855 	247237 	246334 	244401 	: 
A,DE1001V,DE085C	245798 	247227 	248502 	251364 	248667 	248023 	248292 	249406 	248561 	: 
A,DE1001V,DE086C	240086 	241683 	243336 	245885 	244951 	246272 	247380 	248960 	248878 	: 
A,DE1001V,DE087C	222026 	222058 	222500 	225144 	226812 	226699 	227020 	227417 	226844 	: 
A,DE1001V,DE088C	210005 	209097 	209292 	210934 	211382 	211422 	210829 	210764 	209566 	: 
A,DE1001V,DE089C	211713 	212958 	214420 	216253 	216712 	216318 	217198 	216530 	215846 	: 
A,DE1001V,DE090C	186243 	185996 	186716 	189044 	188266 	187730 	188814 	188686 	188687 	: 
A,DE1001V,DE091C	192874 	194087 	194747 	197984 	199062 	200736 	201585 	202137 	201048 	: 
A,DE1001V,DE092C	176440 	176048 	176580 	179397 	179571 	179185 	179111 	179916 	178967 	: 
A,DE1001V,DE093C	154563 	154417 	154608 	155851 	156774 	156490 	156374 	156449 	156940 	: 
A,DE1001V,DE094C	155316 	155768 	156771 	158726 	158908 	158803 	159360 	159245 	159193 	: 
A,DE1001V,DE095C	155625 	156315 	156897 	162403 	164070 	164374 	164748 	165251 	164223 	: 
A,DE1001V,DE096C	160179 	161518 	163832 	164718 	166621 	168497 	171061 	172253 	172557 	: 
A,DE1001V,DE097C	159926 	160819 	161540 	163487 	163113 	163577 	163838 	163729 	163905 	: 
A,DE1001V,DE098C	158658 	159610 	160907 	163830 	165711 	167081 	168210 	169077 	169605 	: 
A,DE1001V,DE099C	151486 	152252 	152644 	155414 	152882 	153810 	153796 	153896 	153109 	: 
A,DE1001V,DE100C	150335 	152113 	154715 	156267 	159914 	160601 	160355 	161485 	158741 	: 
A,DE1001V,DE101C	143575 	143659 	145176 	148126 	148677 	149075 	150580 	151633 	151864 	: 
A,DE1001V,DE102C	124577 	124698 	124219 	124873 	126010 	126635 	127880 	127934 	126954 	: 
A,DE1001V,DE103C	115385 	115320 	114147 	114330 	114003 	113360 	112267 	111397 	110705 	: 
A,DE1001V,DE104C	121758 	122457 	123027 	124045 	123909 	123914 	124151 	124371 	123840 	: 
A,DE1001V,DE105C	108323 	108844 	110121 	114025 	113034 	113026 	113634 	113643 	113557 	: 
A,DE1001V,DE106C	116498 	116055 	116017 	117143 	117409 	117364 	117383 	117565 	117388 	: 
A,DE1001V,DE107C	117531 	118122 	119841 	122567 	123771 	125113 	125960 	126592 	126458 	: 
A,DE1001V,DE108C	109352 	108955 	109009 	109499 	110611 	110584 	110994 	111338 	111516 	: 
A,DE1001V,DE109C	116945 	119203 	120988 	123734 	124589 	126658 	128744 	130280 	130892 	: 
A,DE1001V,DE110C	117977 	119218 	120714 	122636 	123953 	125596 	126329 	126790 	126405 	: 
A,DE1001V,DE111C	116425 	117754 	119291 	122247 	123493 	124289 	125542 	125957 	126016 	: 
A,DE1001V,DE112C	127886 	129136 	131002 	132438 	133639 	135244 	136981 	137392 	136952 	: 
A,DE1001V,DE113C	95384 	94977 	94492 	96011 	94750 	94859 	94152 	93125 	92126 	: 
A,DE1001V,DE114C	98095 	98197 	98966 	101079 	103668 	104548 	104948 	104291 	103866 	: 
A,DE1001V,DE115C	110681 	111357 	112452 	114310 	115006 	115762 	115966 	115865 	116031 	: 
A,DE1001V,DE116C	118358 	119808 	121519 	124171 	125403 	126526 	127748 	128497 	128223 	: 
A,DE1001V,DE117C	99913 	99595 	99491 	99687 	100416 	101036 	100219 	99678 	98693 	: 
A,DE1001V,DE118C	99261 	99403 	100325 	102355 	101863 	102337 	102836 	102770 	101943 	: 
A,DE1001V,DE119C	109138 	109425 	109697 	111366 	111341 	111627 	111966 	111846 	111636 	: 
A,DE1001V,DE120C	102487 	99979 	99979 	101667 	101687 	101744 	101990 	101693 	101055 	: 
A,DE1001V,DE121C	96136 	95629 	95907 	96700 	96781 	96565 	96563 	96459 	95876 	: 
A,DE1001V,DE122C	92227 	91564 	91066 	91123 	90515 	90192 	89540 	88690 	87516 	: 
A,DE1001V,DE123C	105412 	105624 	106423 	108336 	110238 	110998 	111962 	112528 	112385 	: 
A,DE1001V,DE124C	342885 	343488 	345425 	350046 	352390 	353590 	354382 	355100 	355004 	: 
A,DE1001V,DE125C	106915 	107679 	108207 	109527 	110321 	111099 	111407 	111343 	110731 	: 
A,DE1001V,DE126C	: 	: 	: 	90244 	90066 	90502 	90733 	91216 	91272 	: 
A,DE1001V,DE127C	: 	: 	: 	71443 	71350 	71036 	71099 	71113 	71061 	: 
A,DE1001V,DK	5602628 	: 	: 	: 	: 	: 	: 	: 	: 	: 
A,DE1001V,DK001C	559440 	: 	: 	: 	: 	: 	: 	: 	: 	: 
A,DE1001V,DK002C	319094 	: 	: 	: 	: 	: 	: 	: 	: 	: 
A,DE1001V,DK003C	193370 	: 	: 	: 	: 	: 	: 	: 	: 	: 
A,DE1001V,DK004C	203448 	: 	: 	: 	: 	: 	: 	: 	: 	: 
A,DE1001V,EE	1320174 	1315819 	1313271 	1315944 b	1315635 	1319133 	: 	: 	: 	: 
A,DE1001V,EE001C	406059 	411063 	413782 	423420 b	426538 	430805 	434562 	438341 	438341 	: 
A,DE1001V,EE002C	99518 	98449 	97332 	93687 b	93124 	96506 b	96974 	95430 	95430 	: 
A,DE1001V,EE003C	59888 	59049 	58375 	58204 b	57130 	56103 	55249 	53424 	53424 	: 
A,DE1001V,EL001C	2622404 	: 	: 	: 	: 	: 	: 	: 	: 	: 
A,DE1001V,ES	47129783 	46771341 	46449565 	46445828 	46527039 	46658447 	: 	: 	: 	: 
A,DE1001V,ES001C	3207247 	3165235 	4852911 	4878277 	4904291 	4955432 	5012504 	5098717 	: 	: 
A,DE1001V,ES002C	3190951 	3176357 	3610906 	3624554 	3648483 	3665687 	3701270 	3755512 	: 	: 
A,DE1001V,ES003C	: 	: 	1383908 	1388368 	1386992 	1393606 	1403247 	1417464 	: 	: 
A,DE1001V,ES004C	: 	: 	881439 	879806 	879624 	879870 	880726 	884899 	: 	: 
A,DE1001V,ES005C	682004 	666058 	664953 	661108 	664938 	666880 	674997 	681877 	: 	: 
A,DE1001V,ES006C	568479 	566913 	569130 	569009 	569002 	571026 	574654 	578460 	: 	: 
A,DE1001V,ES007C	438246 	439712 	439889 	441003 	443243 	447182 	453258 	459403 	: 	: 
A,DE1001V,ES008C	383050 	382283 	379766 	378998 	377650 	378517 	379925 	381223 	: 	: 
A,DE1001V,ES009C	309714 	306830 	303905 	301876 	299715 	298866 	298412 	299265 	: 	: 
A,DE1001V,ES010C	398162 	399093 	400578 	402949 	406492 	409661 	416065 	422587 	: 	: 
A,DE1001V,ES011C	96041 	95800 	95612 	95966 	96456 	96405 	97260 	97848 	: 	: 
A,DE1001V,ES012C	241386 	242082 	243918 	244634 	246976 	249176 	251774 	253996 	: 	: 
A,DE1001V,ES013C	225089 	223765 	221870 	220567 	220301 	220020 	219686 	219910 	: 	: 
A,DE1001V,ES014C	: 	: 	319405 	320318 	322739 	326136 	330281 	334398 	: 	: 
A,DE1001V,ES015C	177123 	175736 	173957 	172656 	171951 	172044 	172539 	173375 	: 	: 
A,DE1001V,ES016C	83593 	83334 	83226 	83459 	83741 	84282 	84873 	85811 	: 	: 
A,DE1001V,ES017C	150621 	150517 	149892 	149946 	150543 	150530 	150702 	150984 	: 	: 
A,DE1001V,ES018C	153066 	151962 	151344 	150876 	150979 	151113 	151136 	152485 	: 	: 
A,DE1001V,ES019C	: 	: 	: 	: 	790423 	791054 	792617 	797590 	: 	: 
A,DE1001V,ES020C	328704 	328041 	327362 	326609 	325916 	325708 	325701 	326039 	: 	: 
A,DE1001V,ES021C	335052 	332067 	328648 	330525 	329988 	331577 	334887 	337482 	: 	: 
A,DE1001V,ES022C	296479 	294997 	294098 	292817 	292986 	293642 	295364 	296692 	: 	: 
A,DE1001V,ES023C	275274 	275735 	274290 	273422 	272365 	271843 	271780 	271717 	: 	: 
A,DE1001V,ES024C	: 	: 	356654 	356696 	357347 	360405 	364815 	368105 	: 	: 
A,DE1001V,ES025C	245923 	244810 	243870 	243978 	244099 	244850 	245711 	247604 	: 	: 
A,DE1001V,ES026C	106790 	104962 	103194 	103615 	103123 	103477 	104373 	106168 	: 	: 
A,DE1001V,ES027C	102170 	102076 	102078 	102164 	102005 	102424 	102647 	102791 	: 	: 
A,DE1001V,ES028C	98761 	98560 	98134 	98268 	97995 	98025 	98276 	98519 	: 	: 
A,DE1001V,ES029C	96361 	96335 	96131 	95949 	95643 	95174 	94979 	95001 	: 	: 
A,DE1001V,ES030C	97292 	97227 	97586 	98255 	99013 	100266 	101852 	103369 	: 	: 
A,DE1001V,ES031C	95925 	95855 	95617 	95814 	95917 	96068 	96126 	96255 	: 	: 
A,DE1001V,ES032C	105205 	91415 	88447 	84213 	83252 	82599 	83337 	84667 	: 	: 
A,DE1001V,ES033C	89142 	88700 	88335 	88184 	88430 	88364 	88405 	88703 	: 	: 
A,DE1001V,ES034C	82568 	81659 	80880 	80114 	79514 	78715 	78182 	77791 	: 	: 
A,DE1001V,ES035C	88548 	86779 	85150 	84119 	83303 	83009 	83417 	83663 	: 	: 
A,DE1001V,ES036C	80649 	80178 	79595 	79137 	78892 	78629 	78412 	78144 	: 	: 
A,DE1001V,ES037C	71232 	70389 	69452 	68308 	67569 	66799 	66065 	65560 	: 	: 
A,DE1001V,ES038C	82934 	82946 	82539 	82549 	82671 	82802 	83029 	83260 	: 	: 
A,DE1001V,ES039C	84180 	84963 	84263 	84519 	84959 	85144 	84777 	84202 	: 	: 
A,DE1001V,ES040C	78543 	76497 	75514 	74814 	74121 	73829 	74562 	75798 	: 	: 
A,DE1001V,ES041C	84504 	83720 	83391 	83633 	84145 	84910 	85871 	87484 	: 	: 
A,DE1001V,ES042C	76170 	75297 	74655 	74752 	75152 	76250 	77714 	78245 	: 	: 
A,DE1001V,ES043C	74872 	74960 	74427 	74054 	74641 	74743 	74746 	75504 	: 	: 
A,DE1001V,ES044C	73768 	69010 	69045 	66642 	66831 	67558 	68721 	70450 	: 	: 
A,DE1001V,ES045C	83679 	84509 	85584 	86026 	86120 	86384 	86487 	87076 	: 	: 
A,DE1001V,ES046C	68121 	67367 	66884 	66447 	65788 	65239 	64674 	64509 	: 	: 
A,DE1001V,ES047C	64986 	64423 	63831 	63217 	62389 	61827 	61406 	60988 	: 	: 
A,DE1001V,ES048C	77397 	75856 	77525 	77486 	74929 	75396 	80309 	82837 	: 	: 
A,DE1001V,ES049C	67301 	67385 	67433 	67620 	67640 	68037 	68684 	69205 	: 	: 
A,DE1001V,ES050C	66275 	65941 	65684 	65972 	66077 	66274 	67086 	67733 	: 	: 
A,DE1001V,ES051C	62697 	63132 	63352 	63278 	63146 	62940 	63147 	63630 	: 	: 
A,DE1001V,ES052C	69389 	67353 	67492 	67786 	67701 	68262 	68661 	69166 	: 	: 
A,DE1001V,ES053C	61113 	61195 	61481 	61608 	61855 	61983 	62401 	62910 	: 	: 
A,DE1001V,ES054C	59753 	59930 	60101 	60174 	60695 	60981 	61275 	62419 	: 	: 
A,DE1001V,ES055C	55673 	56880 	56940 	58537 	59771 	61351 	62988 	64645 	: 	: 
A,DE1001V,ES056C	: 	: 	87834 	87278 	87153 	86883 	86894 	87054 	: 	: 
A,DE1001V,ES057C	68506 	68544 	69069 	69178 	70396 	71863 	73328 	74602 	: 	: 
A,DE1001V,ES058C	51954 	51719 	51650 	51491 	51128 	51133 	51318 	51600 	: 	: 
A,DE1001V,ES059C	: 	: 	398707 	399562 	398847 	399456 	401574 	404809 	: 	: 
A,DE1001V,ES060C	230224 	228647 	227312 	227659 	228675 	230625 	232517 	234765 	: 	: 
A,DE1001V,ES061C	217641 	216451 	216301 	214759 	214177 	213943 	214802 	216108 	: 	: 
A,DE1001V,ES062C	211670 	212226 	212876 	212830 	212915 	212879 	212749 	213105 	: 	: 
A,DE1001V,ES063C	186500 	186126 	186095 	186064 	186370 	186665 	187415 	188240 	: 	: 
A,DE1001V,ES064C	204823 	200768 	198750 	195907 	194310 	193751 	195649 	197562 	: 	: 
A,DE1001V,ES065C	192697 	193351 	194203 	194515 	195389 	196851 	198533 	201322 	: 	: 
A,DE1001V,ES066C	179097 	177776 	177100 	176608 	175623 	175921 	175821 	176418 	: 	: 
A,DE1001V,ES067C	149528 	148042 	146438 	144949 	144436 	143978 	144228 	144825 	: 	: 
A,DE1001V,ES068C	172693 	172487 	172121 	172426 	172816 	173050 	173329 	174336 	: 	: 
A,DE1001V,ES069C	180185 	173841 	171669 	170990 	169498 	170888 	171728 	174264 	: 	: 
A,DE1001V,ES070C	148101 	147212 	146318 	145468 	145115 	144258 	143663 	143837 	: 	: 
A,DE1001V,ES071C	122990 	121739 	120468 	118919 	118048 	116979 	116027 	115439 	: 	: 
A,DE1001V,ES072C	130601 	129551 	127817 	126192 	125317 	124772 	124303 	124028 	: 	: 
A,DE1001V,ES073C	133545 	132199 	131255 	131094 	131507 	132299 	134515 	136496 	: 	: 
A,DE1001V,ES074C	116176 	115837 	115395 	114658 	114238 	113457 	112999 	112757 	: 	: 
A,DE1001V,ES075C	139809 	139176 	138542 	138144 	137327 	137856 	138956 	140403 	: 	: 
A,DE1001V,ES076C	107542 	106905 	106231 	105893 	105636 	105505 	105233 	105643 	: 	: 
A,DE1001V,ES077C	124099 	124280 	124867 	125517 	126127 	126988 	128265 	129661 	: 	: 
A,DE1001V,ES078C	129719 	130369 	131317 	131855 	132551 	133168 	133968 	135050 	: 	: 
A,DE1001V,ES079C	114277 	117974 	118920 	120601 	121133 	121414 	121957 	123078 	: 	: 
A,DE1001V,ES080C	142018 	138679 	139537 	140744 	141172 	141463 	143386 	147633 	: 	: 
A,DE1001V,ES081C	123761 	126878 	126934 	126981 	128013 	129729 	131376 	132853 	: 	: 
A,DE1001V,ES082C	: 	: 	74845 	75080 	75106 	75256 	75279 	75533 	: 	: 
A,DE1001V,ES083C	: 	: 	59567 	59198 	59106 	58977 	58994 	59354 	: 	: 
A,DE1001V,ES084C	: 	: 	58358 	58083 	58149 	57657 	57744 	58369 	: 	: 
A,DE1001V,ES085C	: 	: 	66598 	67245 	68859 	67746 	68128 	69144 	: 	: 
A,DE1001V,ES086C	: 	: 	82777 	82645 	83148 	83831 	84489 	85150 	: 	: 
A,DE1001V,ES087C	: 	: 	62056 	61597 	62152 	63074 	63679 	64378 	: 	: 
A,DE1001V,ES088C	: 	: 	55428 	55102 	54876 	54898 	54690 	54621 	: 	: 
A,DE1001V,ES089C	: 	: 	49975 	49549 	49689 	49727 	49783 	51128 	: 	: 
A,DE1001V,ES090C	: 	: 	59737 	58829 	58449 	57811 	57414 	57353 	: 	: 
A,DE1001V,ES091C	: 	: 	91714 	91730 	92299 	93079 	94404 	95515 	: 	: 
A,DE1001V,ES092C	: 	: 	58971 	59174 	59187 	59352 	59335 	59548 	: 	: 
A,DE1001V,ES093C	: 	: 	64944 	64439 	65278 	65669 	66140 	67173 	: 	: 
A,DE1001V,ES094C	: 	: 	53496 	52819 	52034 	51687 	51494 	51597 	: 	: 
A,DE1001V,ES095C	: 	: 	72854 	72988 	73976 	74745 	75983 	77270 	: 	: 
A,DE1001V,ES096C	: 	: 	65688 	65646 	66254 	66888 	66870 	67219 	: 	: 
A,DE1001V,ES097C	: 	: 	60851 	61007 	61396 	61775 	62405 	63563 	: 	: 
A,DE1001V,ES098C	: 	: 	56302 	56715 	57175 	57785 	58385 	58978 	: 	: 
A,DE1001V,FI	5426674 	5451270 	5471753 	5487308 	5503297 	5513130 	: 	: 	: 	: 
A,DE1001V,FI001C	603968 	612664 	620715 	628208 	635181 	643272 	648042 	653835 	656920 	658457 
A,DE1001V,FI002C	217421 	220446 	223004 	225118 	228274 	231853 	235239 	238140 	241009 	244223 
A,DE1001V,FI003C	180225 	182072 	183824 	185908 	187604 	189669 	191331 	192962 	194391 	195137 
A,DE1001V,FI004C	190847 	193798 	196291 	198525 	200526 	201810 	203567 	205489 	207327 	209551 
A,DE1001V,FI005C	256824 	260753 	265543 	269802 	274583 	279044 	283632 	289731 	292796 	297132 
A,DE1001V,FI006C	205312 	208098 	210803 	214605 	219341 	223027 	228166 	233775 	237231 	239206 
A,DE1001V,FI007C	103016 	103364 	103754 	118743 	119452 	119573 	119951 	119823 	119984 	120027 
A,DE1001V,FI008C	105136 	106342 	111289 	112117 	117740 	118209 	118664 	119282 	120210 	121543 
A,DE1001V,FI009C	133482 	134658 	135780 	137368 	138850 	140188 	141305 	142400 	143420 	144473 
A,DE1001V,FR	65564756 	65907160 	66190280 	66361587 	66780857 	66732538 	66988403 	: 	: 	: 
A,DE1001V,FR001C	10040889 	10096326 	10138695 	10163539 	10211741 	10240964 	10277625 	: 	: 	: 
A,DE1001V,FR002C	1208692 	1224988 	1240187 	1250076 	1253324 	1265618 	1277584 	: 	: 	: 
A,DE1001V,FR003C	938024 	942910 	943913 	946093 	948173 	951461 	955906 	: 	: 	: 
A,DE1001V,FR004C	949638 	952379 	955947 	956373 	959095 	965330 	969002 	: 	: 	: 
A,DE1001V,FR005C	689396 	699539 	710844 	718955 	726869 	735143 	747512 	: 	: 	: 
A,DE1001V,FR006C	687793 	699210 	707770 	714730 	722044 	732645 	744104 	: 	: 	: 
A,DE1001V,FR007C	448526 	455665 	464057 	469931 	474119 	481097 	487928 	: 	: 	: 
A,DE1001V,FR008C	453437 	455438 	455783 	456377 	455205 	457360 	461144 	: 	: 	: 
A,DE1001V,FR009C	408873 	410143 	412549 	415771 	417255 	422967 	427197 	: 	: 	: 
A,DE1001V,FR010C	326166 	327781 	327012 	326875 	326493 	328660 	329517 	: 	: 	: 
A,DE1001V,FR011C	330184 	335587 	339669 	344636 	349924 	356972 	364723 	: 	: 	: 
A,DE1001V,FR012C	364286 	365155 	365947 	363423 	364672 	364642 	365556 	: 	: 	: 
A,DE1001V,FR013C	240199 	241933 	241944 	242605 	242529 	243507 	245109 	: 	: 	: 
A,DE1001V,FR014C	241297 	240927 	239057 	238348 	237462 	237259 	239232 	: 	: 	: 
A,DE1001V,FR015C	221595 	223564 	226090 	228672 	231212 	235638 	238614 	: 	: 	: 
A,DE1001V,FR016C	259339 	262761 	265188 	266456 	267502 	268796 	271686 	: 	: 	: 
A,DE1001V,FR017C	208625 	209270 	210614 	210007 	209507 	209334 	208432 	: 	: 	: 
A,DE1001V,FR018C	233892 	236038 	237408 	238030 	241324 	241940 	242985 	: 	: 	: 
A,DE1001V,FR019C	221034 	221499 	222756 	222884 	223171 	223744 	224207 	: 	: 	: 
A,DE1001V,FR020C	194507 	195500 	196698 	196872 	198870 	199131 	200086 	: 	: 	: 
A,DE1001V,FR021C	184527 	184667 	184903 	185927 	186558 	189987 	191068 	: 	: 	: 
A,DE1001V,FR022C	196970 	197501 	197314 	195317 	195042 	194639 	193080 	: 	: 	: 
A,DE1001V,FR023C	206875 	205365 	205576 	206253 	206789 	207431 	208268 	: 	: 	: 
A,DE1001V,FR024C	197411 	199543 	200974 	201247 	203184 	205346 	207283 	: 	: 	: 
A,DE1001V,FR025C	207177 	206313 	206002 	205046 	205643 	205893 	205684 	: 	: 	: 
A,DE1001V,FR026C	204372 	204984 	204330 	202890 	202653 	202708 	202114 	: 	: 	: 
A,DE1001V,FR027C	165096 	164250 	163977 	165480 	164254 	164161 	166227 	: 	: 	: 
A,DE1001V,FR028C	150564 	151075 	150672 	151001 	150610 	149633 	148561 	: 	: 	: 
A,DE1001V,FR029C	151821 	151333 	150789 	150438 	150369 	150852 	151626 	: 	: 	: 
A,DE1001V,FR030C	142442 	144642 	146985 	147920 	147931 	150535 	153810 	: 	: 	: 
A,DE1001V,FR031C	178031 	178454 	179157 	179204 	179701 	179523 	180300 	: 	: 	: 
A,DE1001V,FR032C	145658 	145311 	144558 	143643 	143147 	142453 	141776 	: 	: 	: 
A,DE1001V,FR033C	141545 	142149 	142668 	143006 	142482 	143097 	145133 	: 	: 	: 
A,DE1001V,FR034C	139386 	139384 	139163 	139342 	140064 	139602 	139926 	: 	: 	: 
A,DE1001V,FR035C	146160 	145783 	146182 	147246 	147662 	147584 	148506 	: 	: 	: 
A,DE1001V,FR036C	145575 	146431 	146066 	144771 	143614 	142731 	141779 	: 	: 	: 
A,DE1001V,FR037C	142382 	142213 	143422 	143537 	141922 	141120 	141364 	: 	: 	: 
A,DE1001V,FR038C	121809 	124376 	125694 	126419 	126924 	128199 	130721 	: 	: 	: 
A,DE1001V,FR039C	116952 	116690 	116676 	116466 	115934 	116775 	117912 	: 	: 	: 
A,DE1001V,FR040C	119506 	119417 	120338 	122229 	123911 	125036 	126027 	: 	: 	: 
A,DE1001V,FR041C	114957 	114290 	114410 	114603 	113370 	113249 	114468 	: 	: 	: 
A,DE1001V,FR042C	110254 	110583 	110180 	110214 	110402 	109721 	109229 	: 	: 	: 
A,DE1001V,FR043C	135843 	137944 	137847 	138518 	137815 	137645 	137662 	: 	: 	: 
A,DE1001V,FR044C	109216 	110201 	110959 	111000 	112114 	112142 	112189 	: 	: 	: 
A,DE1001V,FR045C	126850 	127781 	128295 	127711 	127512 	127729 	127241 	: 	: 	: 
A,DE1001V,FR046C	144136 	143522 	142450 	141100 	139847 	138554 	136219 	: 	: 	: 
A,DE1001V,FR047C	97401 	97391 	97914 	97969 	98314 	98707 	99272 	: 	: 	: 
A,DE1001V,FR048C	92036 	92582 	93415 	93604 	94650 	95375 	95297 	: 	: 	: 
A,DE1001V,FR049C	87044 	88078 	88193 	88390 	87714 	89419 	90485 	: 	: 	: 
A,DE1001V,FR050C	110677 	112012 	112603 	113135 	113584 	114246 	115103 	: 	: 	: 
A,DE1001V,FR051C	87286 	86948 	86887 	86308 	87601 	87977 	88052 	: 	: 	: 
A,DE1001V,FR052C	87858 	87204 	86391 	85859 	86074 	85772 	85520 	: 	: 	: 
A,DE1001V,FR053C	94649 	95357 	95542 	96069 	96100 	96734 	97821 	: 	: 	: 
A,DE1001V,FR054C	90444 	91018 	91320 	91542 	91508 	92449 	93550 	: 	: 	: 
A,DE1001V,FR055C	79835 	79527 	79662 	79673 	79877 	80110 	80370 	: 	: 	: 
A,DE1001V,FR056C	80978 	80959 	80616 	80076 	79200 	79144 	78549 	: 	: 	: 
A,DE1001V,FR057C	74811 	75701 	75999 	76493 	77177 	77599 	78308 	: 	: 	: 
A,DE1001V,FR058C	76277 	76451 	77071 	76677 	75990 	75752 	75831 	: 	: 	: 
A,DE1001V,FR059C	72289 	73717 	74782 	75115 	75375 	75999 	77028 	: 	: 	: 
A,DE1001V,FR060C	77882 	77375 	76806 	75960 	74740 	74622 	73836 	: 	: 	: 
A,DE1001V,FR061C	72520 	76402 	75961 	74978 	73911 	72929 	72509 	: 	: 	: 
A,DE1001V,FR062C	: 	: 	: 	: 	71437 	: 	: 	: 	: 	: 
A,DE1001V,FR063C	72563 	71683 	71730 	71510 	71702 	72165 	72415 	: 	: 	: 
A,DE1001V,FR064C	65299 	65726 	65463 	65723 	65824 	66328 	66432 	: 	: 	: 
A,DE1001V,FR065C	67956 	68784 	70284 	69899 	69105 	68703 	68682 	: 	: 	: 
A,DE1001V,FR066C	65112 	66236 	66493 	65465 	64704 	64989 	65225 	: 	: 	: 
A,DE1001V,FR067C	62751 	62515 	62933 	63754 	64643 	65502 	65948 	: 	: 	: 
A,DE1001V,FR068C	67189 	66528 	66071 	65555 	64551 	64668 	64541 	: 	: 	: 
A,DE1001V,FR069C	72499 	72366 	72412 	72489 	72042 	71882 	71248 	: 	: 	: 
A,DE1001V,FR070C	63532 	63513 	63508 	63405 	62985 	63166 	63283 	: 	: 	: 
A,DE1001V,FR071C	65538 	65144 	64947 	64326 	62945 	62178 	61643 	: 	: 	: 
A,DE1001V,FR072C	54709 	55817 	57614 	60580 	61268 	63652 	65493 	: 	: 	: 
A,DE1001V,FR073C	66491 	66759 	66548 	66903 	66856 	66983 	67335 	: 	: 	: 
A,DE1001V,FR074C	52656 	52803 	53524 	53220 	53365 	53589 	53120 	: 	: 	: 
A,DE1001V,FR075C	53032 	53036 	53200 	53218 	53352 	53438 	53719 	: 	: 	: 
A,DE1001V,FR076C	60427 	61197 	61580 	61104 	61518 	61856 	61841 	: 	: 	: 
A,DE1001V,FR077C	34150 	34716 	35090 	35544 	36119 	36637 	37464 	: 	: 	: 
A,DE1001V,HR001C	791946 	793049 	799999 	801349 	802701 	804049 	805413 	806772 	808134 e	: 
A,DE1001V,HR002C	126215 	124838 	123725 	121975 	120250 	118549 	116872 	115219 	113589 e	: 
A,DE1001V,HR003C	58265 	57764 	57797 	56769 	55759 	54767 	53793 	52836 	51896 e	: 
A,DE1001V,HR004C	106964 	106345 	106610 	105921 	105236 	104556 	103880 	103209 	102542 e	: 
A,DE1001V,HR005C	176352 	175353 	174333 	173109 	171894 	170687 	169489 	168299 	167117 e	: 
A,DE1001V,HR006C	: 	: 	56676 	56540 	56404 	56269 	56134 	55999 	55865 e	: 
A,DE1001V,HR007C	: 	: 	75537 	75346 	75155 	74965 	74775 	74586 	74399 e	: 
A,DE1001V,HU	9908798 	9877365 	9855571 	9830485 	9797561 	9778371 	: 	: 	: 	: 
A,DE1001V,HU001C	1735711 	1744665 	1757618 	1759407 	1752704 	1749734 	1752286 	1750216 	1723836 	: 
A,DE1001V,HU002C	162905 	161265 	159554 	158101 	157177 	155650 	154521 	152901 	150695 	: 
A,DE1001V,HU003C	118185 	118164 	118125 	118058 	117689 	117121 	116799 	116814 	116554 	: 
A,DE1001V,HU004C	147719 	146581 	145985 	145347 	144675 	144188 	142873 	141843 	140237 	: 
A,DE1001V,HU005C	204333 	203914 	203506 	203059 	201981 	202214 	201432 	201112 	200974 	: 
A,DE1001V,HU006C	161837 	161921 	162593 	162621 	161137 	161122 	160766 	160258 	159074 	: 
A,DE1001V,HU007C	128567 	128902 	129372 	129568 	129301 	130094 	132038 	133946 	132735 	: 
A,DE1001V,HU008C	111863 	112071 	111836 	111724 	110813 	110638 	110687 	110373 	109651 	: 
A,DE1001V,HU009C	99247 	99060 	98673 	98207 	97617 	97382 	96940 	96529 	95545 	: 
A,DE1001V,HU010C	77547 	77566 	77866 	77973 	78025 	77984 	78407 	78591 	78324 	: 
A,DE1001V,HU011C	: 	: 	72786 	72333 	71765 	71521 	71285 	70554 	69725 	: 
A,DE1001V,HU012C	: 	: 	66791 	66362 	65849 	65633 	65845 	66141 	65145 	: 
A,DE1001V,HU013C	: 	: 	60761 	60392 	59919 	59754 	59738 	59119 	58153 	: 
A,DE1001V,HU014C	: 	: 	60334 	60126 	59732 	59357 	58996 	58654 	58002 	: 
A,DE1001V,HU015C	: 	: 	63742 	63186 	62446 	61920 	61441 	60656 	59777 	: 
A,DE1001V,HU016C	: 	: 	54609 	54480 	53876 	53436 	52898 	51894 	51168 	: 
A,DE1001V,HU017C	: 	: 	46052 	45354 	44640 	44358 	44200 	43310 	42136 	: 
A,DE1001V,HU018C	: 	: 	58959 	58829 	58154 	57780 	57403 	56722 	55470 	: 
A,DE1001V,HU019C	: 	: 	61780 	61887 	62246 	62454 	62671 	63065 	62900 	: 
A,DE1001V,IE001C	1262400 	1274600 	1305300 	1325700 	: 	: 	: 	: 	: 	: 
A,DE1001V,IT	59685227 	60782668 	60795612 	60665551 	60589445 	60483973 	59816673 b	59641488 	59236213 	59030133 
A,DE1001V,IT001C	2638842 	2863322 	2872021 	2864731 	2873494 	2872800 	2820219 b	2808293 	2770226 	2749031 
A,DE1001V,IT002C	3925767 	4038864 	4061382 	4074585 	4087060 	4106356 	3606653 b	3622641 	3594765 	3565691 
A,DE1001V,IT003C	3055339 	3127390 	3118149 	3113898 	3107006 	3101002 	2867858 b	2855958 	2812310 	2816448 
A,DE1001V,IT004C	872091 	902137 	896773 	890529 	886837 	882523 	860793 b	857910 	858205 	848748 
A,DE1001V,IT005C	654987 	678492 	678492 	674435 	673735 	668405 	652720 b	647422 	637885 	635439 
A,DE1001V,IT006C	582320 	596958 	592507 	586655 	583601 	580097 	569184 b	565752 	566410 	561203 
A,DE1001V,IT007C	366039 	377207 	381037 	382808 	382258 	380948 	369885 b	366927 	368419 	361619 
A,DE1001V,IT008C	313213 	322751 	327361 	326344 	324198 	323370 	316491 b	315284 	317205 	315948 
A,DE1001V,IT009C	380635 	384202 	386181 	386663 	388367 	389261 	393248 b	395416 	391686 	387842 
A,DE1001V,IT010C	290678 	315576 	315601 	314555 	313396 	311620 	297752 b	296266 	300356 	301104 
A,DE1001V,IT011C	259263 	264534 	264579 	263352 	261905 	261321 	259961 b	258685 	256083 	251944 
A,DE1001V,IT012C	253409 	259966 	260125 	258765 	257353 	257275 	258584 b	259087 	258031 	255985 
A,DE1001V,IT013C	72137 	71184 	71657 	71901 	71924 	72077 	72274 b	72399 	71223 	70841 
A,DE1001V,IT014C	115540 	117285 	117304 	117317 	117417 	117997 	119616 b	120641 	118879 	117847 
A,DE1001V,IT015C	201148 	204849 	205413 	204420 	204234 	204338 	202351 b	201613 	200609 	199015 
A,DE1001V,IT016C	162986 	166030 	165668 	166134 	166676 	165683 	164768 b	164880 	164721 	162362 
A,DE1001V,IT017C	100343 	101742 	101518 	100861 	100696 	100924 	99307 b	99077 	99273 	98402 
A,DE1001V,IT018C	117091 	121325 	121366 	121014 	120420 	119217 	120463 b	119862 	118766 	118992 
A,DE1001V,IT019C	48487 	49392 	49434 	49431 	49320 	49262 	48675 b	48337 	47535 	47587 
A,DE1001V,IT020C	74868 	77099 	76887 	76326 	76126 	75561 	74757 b	73984 	72813 	73037 
A,DE1001V,IT021C	198728 	203257 	202016 	201100 	199561 	198283 	192775 b	191050 	190717 	189461 
A,DE1001V,IT022C	66405 	67403 	67348 	67122 	67168 	67211 	66734 b	66393 	65420 	64850 
A,DE1001V,IT023C	89062 	91028 	90840 	90612 	90240 	89718 	88085 b	87397 	86183 	85609 
A,DE1001V,IT024C	180686 	184937 	183974 	183035 	182551 	181447 	176299 b	174885 	173026 	172479 
A,DE1001V,IT025C	125672 	127715 	127625 	127525 	127533 	126769 	125998 b	125273 	122506 	122159 
A,DE1001V,IT026C	149575 	154019 	154478 	154460 	154083 	154106 	151504 b	151005 	149572 	149092 
A,DE1001V,IT027C	207245 	209678 	211210 	210401 	209829 	210440 	209995 b	210077 	209730 	206651 
A,DE1001V,IT028C	188520 	193599 	196058 	196480 	196670 	196745 	196134 b	196340 	197304 	195906 
A,DE1001V,IT029C	179353 	184525 	185148 	184973 	184727 	185273 	189016 b	189013 	186414 	184971 
A,DE1001V,IT030C	148573 	153143 	152770 	151991 	151726 	151372 	150652 b	149673 	147467 	146803 
A,DE1001V,IT031C	131925 	133885 	135603 	135261 	134850 	133970 	132364 b	131556 	129206 	128136 
A,DE1001V,IT032C	100843 	102404 	102269 	102191 	102355 	103082 	103904 b	104260 	102731 	102364 
A,DE1001V,IT033C	103891 	105713 	106110 	106441 	106951 	107317 	107595 b	107843 	107467 	106601 
A,DE1001V,IT034C	98780 	99528 	99473 	99169 	99341 	99518 	100467 b	100170 	98156 	97736 
A,DE1001V,IT035C	92439 	94535 	93990 	93959 	93678 	93311 	92737 b	92550 	92441 	92169 
A,DE1001V,IT036C	89598 	93302 	94148 	94773 	94989 	95441 	93484 b	93865 	95037 	94783 
A,DE1001V,IT037C	94681 	94903 	94971 	94814 	94673 	94477 	93435 b	93275 	92787 	92798 
A,DE1001V,IT038C	94615 	94705 	94604 	94582 	94813 	94958 	94896 b	95152 	95950 	95670 
A,DE1001V,IT039C	83422 	84834 	84687 	84495 	84326 	83320 	85979 b	85543 	84250 	83361 
A,DE1001V,IT040C	86263 	88627 	89523 	89158 	90488 	90118 	90096 b	90036 	89969 	89002 
A,DE1001V,IT041C	82462 	83145 	83652 	83731 	83950 	84954 	85236 b	85456 	84837 	84452 
A,DE1001V,IT042C	79333 	80927 	80857 	80799 	80694 	80544 	80876 b	80724 	79350 	78740 
A,DE1001V,IT043C	74320 	76135 	76673 	76202 	76164 	76211 	75591 b	75051 	74065 	73723 
A,DE1001V,IT044C	68313 	71297 	72205 	72576 	72612 	72773 	71943 b	71882 	71122 	70380 
A,DE1001V,IT045C	69022 	70202 	69836 	69479 	69226 	69037 	67995 b	67579 	66977 	66498 
A,DE1001V,IT046C	69065 	67910 	67679 	67546 	67563 	67239 	66102 b	65623 	64070 	64073 
A,DE1001V,IT047C	60760 	61761 	61529 	61345 	61057 	60632 	59924 b	59439 	58949 	58534 
A,DE1001V,IT048C	60009 	60556 	60524 	60436 	60351 	60403 	60540 b	60530 	59794 	59748 
A,DE1001V,IT049C	51402 	52792 	52703 	52622 	52574 	52269 	51361 b	51176 	50627 	50735 
A,DE1001V,IT050C	54706 	55448 	55171 	54857 	54561 	54353 	53762 b	53346 	52819 	52498 
A,DE1001V,IT051C	51378 	51758 	51632 	51229 	51139 	51127 	51557 b	51733 	51403 	51617 
A,DE1001V,IT052C	47240 	48131 	48141 	47999 	48131 	48177 	48265 b	48058 	47454 	46831 
A,DE1001V,IT053C	69901 	70171 	70347 	70396 	70595 	70514 	70008 b	69999 	69911 	69855 
A,DE1001V,IT054C	56085 	56043 	55644 	55540 	55354 	55127 	52861 b	52546 	53457 	53396 
A,DE1001V,IT055C	60338 	60397 	60058 	59874 	59623 	59470 	58389 b	58145 	57891 	57645 
A,DE1001V,IT056C	50513 	50812 	50868 	50786 	50883 	51005 	50646 b	50411 	49805 	49655 
A,DE1001V,IT057C	54877 	55424 	55517 	55422 	55390 	55385 	54706 b	54629 	53934 	53738 
A,DE1001V,IT058C	67408 	69530 	70419 	70699 	71060 	71148 	72128 b	72369 	71730 	71402 
A,DE1001V,IT059C	56816 	58063 	58295 	58396 	58517 	58540 	55428 b	55324 	57223 	57127 
A,DE1001V,IT060C	75618 	76826 	76723 	75827 	75458 	74858 	72890 b	72187 	72491 	71937 
A,DE1001V,IT061C	54271 	55854 	55615 	55387 	55373 	55047 	53714 b	53409 	53025 	53221 
A,DE1001V,IT062C	50789 	53557 	53986 	54211 	54311 	54710 	51666 b	52335 	57838 	58593 
A,DE1001V,IT063C	39888 	41126 	41064 	40853 	40813 	40826 	40373 b	40278 	40722 	40469 
A,DE1001V,IT064C	242267 	241997 	240414 	238439 	236962 	234293 	229280 b	227424 	222329 	221246 
A,DE1001V,IT065C	187159 	191268 	191002 	191150 	192469 	193325 	193723 b	194223 	201410 	195213 
A,DE1001V,IT066C	177714 	187938 	190284 	192836 	194417 	195687 	198606 b	200455 	195998 	195436 
A,DE1001V,IT067C	156998 	160512 	159542 	159219 	158916 	158371 	157457 b	157017 	155370 	154483 
A,DE1001V,IT068C	163928 	172525 	171655 	171345 	171491 	171944 	170887 b	171084 	170601 	169908 
A,DE1001V,IT069C	154288 	158784 	158911 	159116 	159057 	159115 	158923 b	158247 	156463 	155836 
A,DE1001V,IT070C	131842 	133423 	133682 	133155 	132009 	132278 	132931 b	132899 	131669 	129872 
A,DE1001V,IT071C	143731 	146856 	147578 	147750 	148908 	149403 	148981 b	149335 	150240 	149169 
A,DE1001V,IT072C	118644 	122304 	122503 	122291 	122031 	121605 	119710 b	119056 	117053 	117055 
A,DE1001V,IT073C	115072 	118717 	119002 	119381 	120287 	120923 	120569 b	120783 	119993 	119476 
A,DE1001V,IT074C	116029 	118359 	118255 	117913 	117946 	117863 	118360 b	118292 	117407 	116558 
A,DE1001V,IT075C	119426 	125375 	125496 	125985 	126151 	126470 	126952 b	127037 	127560 	127861 
A,DE1001V,IT076C	113639 	113655 	113599 	112953 	112198 	111620 	109837 b	109855 	111113 	110293 
A,DE1001V,IT077C	109382 	112227 	112133 	111501 	111455 	111189 	110554 b	110003 	107982 	107165 
A,DE1001V,IT078C	101933 	104736 	104452 	104380 	104284 	104183 	103278 b	103287 	102225 	101367 
A,DE1001V,IT079C	89446 	93805 	93963 	93943 	93839 	93980 	93191 b	92876 	91089 	90825 
A,DE1001V,IT080C	98352 	99232 	99434 	99543 	99469 	99419 	98483 b	98259 	97373 	96717 
A,DE1001V,IT081C	79216 	81536 	81837 	82087 	82143 	82036 	81893 b	81912 	81643 	81503 
A,DE1001V,IT082C	88611 	89165 	88667 	88302 	87820 	87141 	85397 b	84465 	83690 	83317 
A,DE1001V,IT083C	68967 	69293 	69182 	68759 	68528 	67923 	66289 b	65841 	65378 	56293 
A,DE1001V,IT084C	69816 	72812 	73030 	73313 	73500 	73638 	71374 b	71438 	72579 	72779 
A,DE1001V,IT085C	100432 	100333 	100518 	100440 	100331 	99857 	98712 b	98414 	97489 	97588 
A,DE1001V,IT086C	55786 	55680 	56221 	56217 	56076 	56031 	55610 b	55405 	54848 	55035 
A,DE1001V,IT087C	68304 	70967 	70230 	69753 	69605 	69439 	69925 b	70019 	69349 	69210 
A,DE1001V,LT	2971905 e	2943472 	2921262 	2888558 	2847904 	2808901 e	: 	: 	: 	: 
A,DE1001V,LT001C	537152 e	539707 	542626 	543493 	545280 	547484 e	552131 e	561836 e	556490 	: 
A,DE1001V,LT002C	306888 e	304012 	301357 	297846 	292691 	288363 e	286754 e	289364 e	298753 	: 
A,DE1001V,LT003C	97343 e	96328 	95202 	93598 	91054 	88678 e	87139 e	85885 e	89100 	: 
A,DE1001V,LT004C	57281 e	56357 	55614 	54431 	52792 	51534 e	50422 e	49895 e	52727 	: 
A,DE1001V,LT005C	158541 e	157305 	156141 	154326 	151309 	148908 e	147892 e	149116 e	152008 	: 
A,DE1001V,LT006C	106470 e	105610 	104569 	102981 	101214 	100575 e	100131 e	101511 e	100653 	: 
A,DE1001V,LU001C	103641 	107247 	111287 	115227 	: 	: 	: 	: 	: 	: 
A,DE1001V,LV	2023825 	2001468 	1986096 	1968957 	1950116 	1934379 	: 	1907675 	1893223 	: 
A,DE1001V,LV001C	643615 	643368 	641007 	639342 	641201 	632479 	626147 	621120 	614618 	: 
A,DE1001V,LV002C	73469 	71926 	71125 	70610 	69406 	68912 	68569 	68313 	67964 	: 
A,DE1001V,LV003C	57773 	57332 	57180 	57028 	56702 	55960 	55415 	55517 	55336 	: 
A,DE1001V,LV004C	89184 	87403 	86435 	85540 	84288 	82879 	82029 	81587 	80627 	: 
A,DE1001V,MT	: 	: 	439691 r	450415 r	460297 	475701 	: 	: 	: 	: 
A,DE1001V,MT001C	201559 	: 	212885 r	218960 r	224437 	233246 	243083 	255266 	256507 	: 
A,DE1001V,NL	16779575 	16829289 	16900726 b	16979120 b	: 	: 	17282163 	17407585 	17475415 	: 
A,DE1001V,NL001C	799278 	810938 	: 	960402 b	: 	: 	996915 	1009238 	1009626 	: 
A,DE1001V,NL002C	94505 	94866 	: 	184235 b	: 	: 	188764 	190991 	192427 	: 
A,DE1001V,NL003C	72729 	72459 	: 	72436 b	: 	: 	72849 	73107 	73132 	: 
A,DE1001V,NL004C	195213 	196013 	: 	198077 b	: 	: 	207904 	211893 	214715 	: 
A,DE1001V,NL005C	72913 	106784 	: 	107943 b	: 	: 	110986 	111897 	112587 	: 
A,DE1001V,NL006C	149662 	150897 	: 	153586 b	: 	: 	156286 	157276 	157462 	: 
A,DE1001V,NL007C	157315 	157545 	: 	159050 b	: 	: 	162445 	163818 	164781 	: 
A,DE1001V,NL008C	149827 	150823 	: 	168815 b	: 	: 	174209 	176319 	177438 	: 
A,DE1001V,NL009C	: 	: 	: 	67053 b	: 	: 	67963 	68599 	68836 	: 
A,DE1001V,NL010C	66287 	66419 	: 	66230 b	: 	: 	66811 	67496 	67514 	: 
A,DE1001V,NL011C	178140 	179623 	: 	181349 b	: 	: 	183873 	184069 	184126 	: 
A,DE1001V,NL012C	98581 	98322 	: 	98871 b	: 	: 	99957 	100719 	101236 	: 
A,DE1001V,NL013C	109823 	110656 	: 	150224 b	: 	: 	154484 	156829 	158165 	: 
A,DE1001V,NL014C	218433 	220920 	: 	269061 b	: 	: 	276979 	279860 	281191 	: 
A,DE1001V,NL015C	158627 	158586 	: 	158289 b	: 	: 	158986 	159640 	159732 	: 
A,DE1001V,NL016C	70904 	70941 	: 	71196 b	: 	: 	73181 	73427 	73681 	: 
A,DE1001V,NL017C	505856 	508940 	: 	744315 b	: 	: 	769888 	780417 	783554 	: 
A,DE1001V,NL018C	195418 	198317 	: 	200908 b	: 	: 	231299 	232874 	233273 	: 
A,DE1001V,NL019C	153093 	155147 	: 	274620 b	: 	: 	280309 	282355 	282183 	: 
A,DE1001V,NL020C	144153 	144060 	: 	144505 b	: 	: 	154235 	156002 	157789 	: 
A,DE1001V,NL021C	: 	: 	: 	92965 b	: 	: 	93868 	94474 	94686 	: 
A,DE1001V,NL022C	88747 	88259 	: 	199324 b	: 	: 	198168 	198101 	197310 	: 
A,DE1001V,NL023C	89023 	89256 	: 	90133 b	: 	: 	91524 	92423 	92627 	: 
A,DE1001V,NL024C	80952 	80957 	: 	81051 b	: 	: 	80683 	81140 	81049 	: 
A,DE1001V,NL025C	142817 	143733 	: 	151635 b	: 	: 	154205 	155111 	155490 	: 
A,DE1001V,NL026C	86017 	86426 	: 	87822 b	: 	: 	90238 	90831 	91235 	: 
A,DE1001V,NL027C	71360 	71703 	: 	72172 b	: 	: 	73004 	73261 	73619 	: 
A,DE1001V,NL028C	95949 	107342 	: 	107868 b	: 	: 	123107 	124084 	124481 	: 
A,DE1001V,NL029C	118748 	121163 	: 	262145 b	: 	: 	267215 	268344 	268179 	: 
A,DE1001V,NL030C	75778 	76142 	: 	76777 b	: 	: 	77893 	78598 	79811 	: 
A,DE1001V,NL031C	121819 	122488 	: 	122473 b	: 	: 	121565 	121575 	120227 	: 
A,DE1001V,NL032C	: 	: 	: 	92314 b	: 	: 	92915 	93182 	93322 	: 
A,DE1001V,NL033C	166382 	168292 	: 	172082 b	: 	: 	176731 	177659 	177359 	: 
A,DE1001V,NL034C	72375 	72561 	: 	134093 b	: 	: 	110068 	110809 	111254 	: 
A,DE1001V,NL035C	: 	: 	: 	90006 b	: 	: 	91451 	91915 	92526 	: 
A,DE1001V,NL036C	79482 	79576 	: 	79885 b	: 	: 	80117 	81249 	81683 	: 
A,DE1001V,NL037C	616294 	618357 	: 	1210065 b	: 	: 	1232747 	1242359 	1244332 	: 
A,DE1001V,NL038C	77155 	77027 	: 	76948 b	: 	: 	77032 	77251 	77200 	: 
A,DE1001V,NL039C	94024 	93691 	: 	118598 b	: 	: 	117622 	117436 	116618 	: 
A,DE1001V,NL040C	: 	: 	: 	70013 b	: 	: 	70961 	71474 	71698 	: 
A,DE1001V,NL041C	208527 	210267 	: 	212915 b	: 	: 	217259 	219789 	221947 	: 
A,DE1001V,NL042C	321916 	328164 	: 	434777 b	: 	: 	450062 	455168 	457055 	: 
A,DE1001V,NL043C	: 	: 	: 	63810 b	: 	: 	65589 	66493 	66912 	: 
A,DE1001V,NL044C	100159 	100428 	: 	100352 b	: 	: 	101603 	101802 	101988 	: 
A,DE1001V,NL045C	149622 	150598 	: 	152419 b	: 	: 	155885 	156794 	156901 	: 
A,DE1001V,NL046C	123092 	123561 	: 	124088 b	: 	: 	124944 	125285 	125267 	: 
A,DE1001V,NL047C	122562 	123159 	: 	124897 b	: 	: 	127497 	128840 	129840 	: 
A,DE1001V,NO	5051275 	: 	: 	: 	: 	: 	: 	: 	: 	: 
A,DE1001V,NO001C	623966 	: 	: 	: 	: 	: 	: 	: 	: 	: 
A,DE1001V,NO002C	267950 	: 	: 	: 	: 	: 	: 	: 	: 	: 
A,DE1001V,NO003C	179692 	: 	: 	: 	: 	: 	: 	: 	: 	: 
A,DE1001V,NO004C	129191 	: 	: 	: 	: 	: 	: 	: 	: 	: 
A,DE1001V,PL	38495659 d	38478602 d	: 	: 	38433558 d	38411148 d	: 	: 	: 	: 
A,DE1001V,PL001C	1724404 d	1735442 d	: 	: 	1764615 d	1777972 d	: 	: 	: 	: 
A,DE1001V,PL002C	711332 d	706004 d	: 	: 	690422 d	685285 d	: 	: 	: 	: 
A,DE1001V,PL003C	758992 d	761873 d	: 	: 	767348 d	771069 d	: 	: 	: 	: 
A,DE1001V,PL004C	632067 d	634487 d	: 	: 	638586 d	640648 d	: 	: 	: 	: 
A,DE1001V,PL005C	548028 d	545680 d	: 	: 	538633 d	536438 d	: 	: 	: 	: 
A,DE1001V,PL006C	461531 d	461489 d	: 	: 	464254 d	466631 d	: 	: 	: 	: 
A,DE1001V,PL007C	408172 d	407180 d	: 	: 	403883 d	402465 d	: 	: 	: 	: 
A,DE1001V,PL008C	359428 d	357652 d	: 	: 	352313 d	350178 d	: 	: 	: 	: 
A,DE1001V,PL009C	343598 d	341722 d	: 	: 	339850 d	339682 d	: 	: 	: 	: 
A,DE1001V,PL010C	304362 d	301834 d	: 	: 	296262 d	294510 d	: 	: 	: 	: 
A,DE1001V,PL011C	295282 d	295459 d	: 	: 	297288 d	297459 d	: 	: 	: 	: 
A,DE1001V,PL012C	199870 d	198857 d	: 	: 	196804 d	195774 d	: 	: 	: 	: 
A,DE1001V,PL013C	203447 d	203158 d	: 	: 	202562 d	202074 d	: 	: 	: 	: 
A,DE1001V,PL014C	174675 d	173831 d	: 	: 	173070 d	172362 d	: 	: 	: 	: 
A,DE1001V,PL015C	183108 d	185123 d	: 	: 	189662 d	191564 d	: 	: 	: 	: 
A,DE1001V,PL016C	120146 d	119574 d	: 	: 	128140 d	128137 d	: 	: 	: 	: 
A,DE1001V,PL017C	124344 d	124145 d	: 	: 	124295 d	123921 d	: 	: 	: 	: 
A,DE1001V,PL018C	118405 d	118920 d	: 	: 	139819 d	140297 d	: 	: 	: 	: 
A,DE1001V,PL019C	81985 d	81408 d	: 	: 	80072 d	79480 d	: 	: 	: 	: 
A,DE1001V,PL020C	83943 d	83853 d	: 	: 	84041 d	83896 d	: 	: 	: 	: 
A,DE1001V,PL021C	69317 d	69316 d	: 	: 	69554 d	69827 d	: 	: 	: 	: 
A,DE1001V,PL022C	77224 d	76547 d	: 	: 	74834 d	74151 d	: 	: 	: 	: 
A,DE1001V,PL023C	62038 d	62051 d	: 	: 	62243 d	62456 d	: 	: 	: 	: 
A,DE1001V,PL024C	232318 d	230123 d	: 	: 	224376 d	222292 d	: 	: 	: 	: 
A,DE1001V,PL025C	218466 d	217201 d	: 	: 	214566 d	213029 d	: 	: 	: 	: 
A,DE1001V,PL026C	122815 d	122224 d	: 	: 	120787 d	120000 d	: 	: 	: 	: 
A,DE1001V,PL027C	103997 d	103373 d	: 	: 	101625 d	100975 d	: 	: 	: 	: 
A,DE1001V,PL028C	109170 d	108605 d	: 	: 	107670 d	107321 d	: 	: 	: 	: 
A,DE1001V,PL029C	93936 d	93206 d	: 	: 	91465 d	91007 d	: 	: 	: 	: 
A,DE1001V,PL030C	91235 d	90794 d	: 	: 	89590 d	89128 d	: 	: 	: 	: 
A,DE1001V,PL031C	76347 d	76603 d	: 	: 	77653 d	77872 d	: 	: 	: 	: 
A,DE1001V,PL032C	75903 d	75608 d	: 	: 	74312 d	73670 d	: 	: 	: 	: 
A,DE1001V,PL033C	74053 d	73658 d	: 	: 	72892 d	72581 d	: 	: 	: 	: 
A,DE1001V,PL034C	74609 d	74333 d	: 	: 	73791 d	73398 d	: 	: 	: 	: 
A,DE1001V,PL035C	75001 d	74564 d	: 	: 	73577 d	73114 d	: 	: 	: 	: 
A,DE1001V,PL036C	72277 d	71728 d	: 	: 	69852 d	69051 d	: 	: 	: 	: 
A,DE1001V,PL037C	69883 d	69686 d	: 	: 	68943 d	68479 d	: 	: 	: 	: 
A,DE1001V,PL038C	69328 d	68922 d	: 	: 	68195 d	67938 d	: 	: 	: 	: 
A,DE1001V,PL039C	72890 d	72754 d	: 	: 	72364 d	72050 d	: 	: 	: 	: 
A,DE1001V,PL040C	63638 d	63441 d	: 	: 	61808 d	61251 d	: 	: 	: 	: 
A,DE1001V,PL041C	65255 d	65055 d	: 	: 	64354 d	63813 d	: 	: 	: 	: 
A,DE1001V,PL042C	65481 d	64855 d	: 	: 	63333 d	62670 d	: 	: 	: 	: 
A,DE1001V,PL043C	67688 d	67207 d	: 	: 	65823 d	65283 d	: 	: 	: 	: 
A,DE1001V,PL044C	68997 d	68836 d	: 	: 	68179 d	67615 d	: 	: 	: 	: 
A,DE1001V,PL045C	63692 d	63291 d	: 	: 	61903 d	61182 d	: 	: 	: 	: 
A,DE1001V,PL046C	64893 d	64513 d	: 	: 	63238 d	62649 d	: 	: 	: 	: 
A,DE1001V,PL047C	62711 d	62779 d	: 	: 	63092 d	63000 d	: 	: 	: 	: 
A,DE1001V,PL048C	64589 d	64616 d	: 	: 	64197 d	63952 d	: 	: 	: 	: 
A,DE1001V,PL049C	59182 d	58802 d	: 	: 	57671 d	57310 d	: 	: 	: 	: 
A,DE1001V,PL050C	57503 d	57390 d	: 	: 	56690 d	56529 d	: 	: 	: 	: 
A,DE1001V,PL051C	60610 d	60573 d	: 	: 	60257 d	60279 d	: 	: 	: 	: 
A,DE1001V,PL052C	59790 d	60103 d	: 	: 	61523 d	61928 d	: 	: 	: 	: 
A,DE1001V,PL053C	248042 d	247820 d	: 	: 	246306 d	246309 d	: 	: 	: 	: 
A,DE1001V,PL054C	211275 d	209274 d	: 	: 	204013 d	202036 d	: 	: 	: 	: 
A,DE1001V,PL055C	185450 d	184415 d	: 	: 	181309 d	179806 d	: 	: 	: 	: 
A,DE1001V,PL056C	178357 d	177188 d	: 	: 	174349 d	173374 d	: 	: 	: 	: 
A,DE1001V,PL057C	173439 d	172306 d	: 	: 	168394 d	166795 d	: 	: 	: 	: 
A,DE1001V,PL058C	173699 d	173013 d	: 	: 	171505 d	171259 d	: 	: 	: 	: 
A,DE1001V,PL059C	141521 d	140669 d	: 	: 	138578 d	138000 d	: 	: 	: 	: 
A,DE1001V,PL060C	140173 d	140052 d	: 	: 	139129 d	138696 d	: 	: 	: 	: 
A,DE1001V,PL061C	128799 d	128621 d	: 	: 	128211 d	127831 d	: 	: 	: 	: 
A,DE1001V,PL062C	117926 d	116691 d	: 	: 	113621 d	112594 d	: 	: 	: 	: 
A,DE1001V,PL063C	122899 d	122368 d	: 	: 	120895 d	120142 d	: 	: 	: 	: 
A,DE1001V,PL064C	114885 d	113939 d	: 	: 	111752 d	110802 d	: 	: 	: 	: 
A,DE1001V,PL065C	112120 d	111376 d	: 	: 	109650 d	109062 d	: 	: 	: 	: 
A,DE1001V,PL066C	110761 d	110337 d	: 	: 	109021 d	108434 d	: 	: 	: 	: 
A,DE1001V,PL067C	101992 d	101343 d	: 	: 	100324 d	99752 d	: 	: 	: 	: 
A,DE1001V,PL068C	97676 d	97176 d	: 	: 	95629 d	95045 d	: 	: 	: 	: 
A,DE1001V,PT	10487289 e	10427301 e	10374822 e	10341330 	10309573 	10291027 	10276617 e	10295909 e	10371620 b	10352042 b
A,DE1001V,PT001C	1849472 e	1837852 e	1835785 e	1835894 	1842352 	1851077 	1859838 e	1872036 e	1880038 b	1875108 b
A,DE1001V,PT002C	968905 e	962418 e	956023 e	950728 	948613 	949694 	951805 e	955864 e	968794 b	969686 b
A,DE1001V,PT003C	182110 e	181847 e	181553 e	181502 	181182 	181382 	181919 e	182679 e	193444 b	193671 b
A,DE1001V,PT004C	109149 e	108053 e	106721 e	105562 	104813 	104442 	104129 e	104024 e	106057 b	105828 b
A,DE1001V,PT005C	139151 e	136964 e	135592 e	134578 	134348 	134156 	133724 e	134166 e	141280 b	141512 b
A,DE1001V,PT006C	119799 e	118689 e	118166 e	117780 	116979 	116330 	115758 e	115126 e	124005 b	122300 b
A,DE1001V,PT007C	68876 e	68768 e	68517 e	68403 	68352 	68055 	67864 e	67935 e	67250 b	67256 b
A,DE1001V,PT008C	77675 e	77229 e	76935 e	76882 	77241 	77630 	77916 e	78734 e	81137 b	81843 b
A,DE1001V,PT009C	62281 e	61334 e	61214 e	61019 	61073 	60920 	60974 e	61015 e	67767 b	67396 b
A,DE1001V,PT010C	98778 e	98424 e	98093 e	98164 	97849 	97423 	96991 e	97249 e	99779 b	100041 b
A,DE1001V,PT011C	87896 e	87243 e	86620 e	86136 	85445 	85017 	84636 e	84417 e	85989 b	85615 b
A,DE1001V,PT012C	87020 e	86876 e	86668 e	86554 	86263 	86115 	86072 e	86067 e	84430 b	84439 b
A,DE1001V,PT013C	63282 e	62999 e	62707 e	62522 	62344 	62376 	62510 e	62784 e	64354 b	64418 b
A,DE1001V,PT014C	379963 e	379756 e	380934 e	382521 	383946 	386038 	388434 e	391402 e	386122 b	385777 b
A,DE1001V,PT015C	157214 e	156310 e	155508 e	154920 	153995 	153294 	152792 e	152309 e	156963 b	156348 b
A,DE1001V,PT016C	138710 e	139110 e	139918 e	140614 	140844 	141227 	141603 e	141957 e	137798 b	137305 b
A,DE1001V,RO	22346178 	22298253 	22260798 	: 	22193562 d	22170586 d	: 	: 	: 	: 
A,DE1001V,RO001C	2134030 	2110878 	2107399 	: 	2112483 d	2131034 d	: 	: 	: 	: 
A,DE1001V,RO002C	320819 	321427 	321916 	: 	323484 d	324960 d	: 	: 	: 	: 
A,DE1001V,RO003C	333650 	333825 	333210 	: 	330014 d	328186 d	: 	: 	: 	: 
A,DE1001V,RO004C	308144 	307193 	305946 	: 	302783 d	301269 d	: 	: 	: 	: 
A,DE1001V,RO005C	215319 	213089 	210699 	: 	205172 d	202740 d	: 	: 	: 	: 
A,DE1001V,RO006C	223718 	223317 	222850 	: 	221796 d	221407 d	: 	: 	: 	: 
A,DE1001V,RO007C	194952 	196447 	197362 	: 	197285 d	197155 d	: 	: 	: 	: 
A,DE1001V,RO008C	180224 	179716 	179155 	: 	177464 d	176846 d	: 	: 	: 	: 
A,DE1001V,RO009C	169741 	169820 	169880 	: 	169177 d	168697 d	: 	: 	: 	: 
A,DE1001V,RO010C	151684 	151129 	150286 	: 	148490 d	147674 d	: 	: 	: 	: 
A,DE1001V,RO011C	116833 	116355 	115369 	: 	113396 d	112786 d	: 	: 	: 	: 
A,DE1001V,RO012C	78553 	78102 	77735 	: 	76380 d	75810 d	: 	: 	: 	: 
A,DE1001V,RO013C	70194 	69674 	69105 	: 	67721 d	67121 d	: 	: 	: 	: 
A,DE1001V,RO014C	73717 	73979 	74283 	: 	74574 d	74659 d	: 	: 	: 	: 
A,DE1001V,RO015C	95470 	95127 	94474 	: 	92936 d	92205 d	: 	: 	: 	: 
A,DE1001V,RO016C	97643 	97336 	96887 	: 	95869 d	95351 d	: 	: 	: 	: 
A,DE1001V,RO017C	91101 	90503 	89747 	: 	87698 d	86520 d	: 	: 	: 	: 
A,DE1001V,RO018C	94819 	94240 	93626 	: 	92090 d	91884 d	: 	: 	: 	: 
A,DE1001V,RO019C	85430 	85074 	84593 	: 	83389 d	82931 d	: 	: 	: 	: 
A,DE1001V,RO020C	74068 	73580 	72926 	: 	71431 d	70680 d	: 	: 	: 	: 
A,DE1001V,RO021C	71767 	71254 	70747 	: 	69479 d	69229 d	: 	: 	: 	: 
A,DE1001V,RO022C	92448 	92892 	93415 	: 	93950 d	94139 d	: 	: 	: 	: 
A,DE1001V,RO023C	320318 	319266 	317974 	: 	314816 d	313021 d	: 	: 	: 	: 
A,DE1001V,RO024C	350924 	357868 	363312 	: 	373507 d	378954 d	: 	: 	: 	: 
A,DE1001V,RO025C	306895 	306046 	304610 	: 	303069 d	304050 d	: 	: 	: 	: 
A,DE1001V,RO026C	291921 	291363 	290955 	: 	289878 d	289360 d	: 	: 	: 	: 
A,DE1001V,RO027C	235698 	235041 	233762 	: 	229641 d	227445 d	: 	: 	: 	: 
A,DE1001V,RO028C	177965 	177485 	176803 	: 	175047 d	173985 d	: 	: 	: 	: 
A,DE1001V,RO029C	149031 	148429 	147897 	: 	146241 d	145444 d	: 	: 	: 	: 
A,DE1001V,RO030C	137753 	136773 	135662 	: 	133376 d	132288 d	: 	: 	: 	: 
A,DE1001V,RO031C	124096 	123438 	122560 	: 	120736 d	119788 d	: 	: 	: 	: 
A,DE1001V,RO032C	123922 	122999 	122433 	: 	120902 d	120153 d	: 	: 	: 	: 
A,DE1001V,RO033C	119348 	119252 	118832 	: 	118111 d	117776 d	: 	: 	: 	: 
A,DE1001V,RO034C	116311 	116082 	116666 	: 	122231 d	124589 d	: 	: 	: 	: 
A,DE1001V,RO035C	111580 	110768 	109730 	: 	107614 d	106707 d	: 	: 	: 	: 
A,DE1001V,SE	: 	: 	: 	: 	9995153 	10120242 	: 	: 	: 	: 
A,DE1001V,SE001C	1637551 	1665006 	1689952 	: 	1716807 	1745766 	: 	: 	: 	: 
A,DE1001V,SE002C	: 	: 	: 	: 	556640 	564039 	: 	: 	: 	: 
A,DE1001V,SE003C	: 	: 	: 	: 	328494 	333633 	: 	: 	: 	: 
A,DE1001V,SE004C	: 	: 	: 	: 	135297 	137481 	: 	: 	: 	: 
A,DE1001V,SE005C	: 	: 	: 	: 	122892 	125080 	: 	: 	: 	: 
A,DE1001V,SE006C	: 	: 	: 	: 	214559 	219914 	: 	: 	: 	: 
A,DE1001V,SE007C	: 	: 	: 	: 	155817 	158520 	: 	: 	: 	: 
A,DE1001V,SE008C	: 	: 	: 	: 	146631 	150291 	: 	: 	: 	: 
A,DE1001V,SE010C	: 	: 	: 	: 	147420 	150134 	: 	: 	: 	: 
A,DE1001V,SE011C	: 	: 	: 	: 	139363 	140927 	: 	: 	: 	: 
A,DE1001V,SE012C	: 	: 	: 	: 	140547 	143304 	: 	: 	: 	: 
A,DE1001V,SE013C	: 	: 	: 	: 	118542 	121274 	: 	: 	: 	: 
A,DE1001V,SE014C	: 	: 	: 	: 	109880 	111026 	: 	: 	: 	: 
A,DE1001V,SI	2058821 	2061085 	2062874 	2064188 	2065895 	2066880 	: 	: 	: 	: 
A,DE1001V,SI001C	282994 	285857 	287218 	288307 	288919 	289518 	292988 	295504 	: 	: 
A,DE1001V,SI002C	111374 	112088 	112325 	111832 	111079 	110871 	112065 	112682 	: 	: 
A,DE1001V,SK	5410836 	5415949 	5421349 	5426252 	5435343 	5443120 	5450421 	5457873 	5449270 	5434712 
A,DE1001V,SK001C	415589 	417389 	419678 	422932 	425923 	429564 	432864 	437726 	475503 	475577 
A,DE1001V,SK002C	240164 	239797 	239464 	239200 	239141 	239095 	238757 	238593 	229040 	227458 
A,DE1001V,SK003C	79583 	79368 	79027 	78758 	78635 	78484 	78327 	78084 	76018 	75317 
A,DE1001V,SK004C	78607 	78351 	78033 	77670 	77374 	77048 	76655 	76533 	78489 	77610 
A,DE1001V,SK005C	91352 	90923 	90187 	89959 	89618 	89138 	88680 	88464 	84824 	83897 
A,DE1001V,SK006C	81382 	81273 	81155 	81114 	81041 	80978 	80810 	80727 	82656 	81940 
A,DE1001V,SK007C	66073 	65978 	65713 	65596 	65536 	65382 	65207 	65033 	63803 	63194 
A,DE1001V,SK008C	55883 	55886 	55857 	55698 	55593 	55537 	55333 	55383 	54740 	54458 
A,DE1001V,UK	: 	: 	64853393 	65379044 	65844142 b	: 	: 	: 	: 	: 
A,DE1001V,UK001C	8362500 	8477600 	8606201 	8730803 	8797330 b	8866541 	: 	: 	: 	: 
A,DE1001V,UK002C	1088900 	1096800 	1106334 	1117938 	1132600 b	1139249 	: 	: 	: 	: 
A,DE1001V,UK003C	759600 	763900 	770230 	777902 	782967 b	787020 	: 	: 	: 	: 
A,DE1001V,UK004C	595800 	598100 	602990 	610705 	618045 	623715 	: 	: 	: 	: 
A,DE1001V,UK005C	525500 	527300 	529666 	532728 	533670 b	535987 	: 	: 	: 	: 
A,DE1001V,UK006C	470200 	471900 	475827 	481579 	489577 b	493182 	: 	: 	: 	: 
A,DE1001V,UK007C	485100 	490100 	495710 	502990 	510190 	515855 	: 	: 	: 	: 
A,DE1001V,UK008C	512600 	517300 	525254 	535778 	543410 b	546564 	: 	: 	: 	: 
A,DE1001V,UK009C	350100 	353000 	355727 	359314 	361962 b	363502 	: 	: 	: 	: 
A,DE1001V,UK010C	558700 	561900 	566743 	572581 	575920 b	580148 	: 	: 	: 	: 
A,DE1001V,UK011C	435000 	440000 	445901 	451771 	457609 b	461329 	: 	: 	: 	: 
A,DE1001V,UK012C	334548 	335982 	337869 b	339243 	339900 	341049 	: 	: 	: 	: 
A,DE1001V,UK013C	284600 	288300 	291359 	294681 	294778 b	298019 	: 	: 	: 	: 
A,DE1001V,UK014C	332700 	335700 	340140 	345485 	351527 b	354379 	: 	: 	: 	: 
A,DE1001V,UK015C	226100 	228100 	229635 	230095 	229320 	228180 	: 	: 	: 	: 
A,DE1001V,UK016C	125900 	127600 	129711 	131353 	124777 b	125339 	: 	: 	: 	: 
A,DE1001V,UK017C	120600 	123100 	125818 	128555 	128219 b	129672 	: 	: 	: 	: 
A,DE1001V,UK018C	95100 	95900 	96634 	97430 	97912 b	98739 	: 	: 	: 	: 
A,DE1001V,UK019C	103300 	104500 	105780 	106554 	106168 b	106253 	: 	: 	: 	: 
A,DE1001V,UK020C	85100 	85700 	86233 	86775 	87512 b	87747 	: 	: 	: 	: 
A,DE1001V,UK021C	136200 	136600 	136681 	136679 	135490 b	135849 	: 	: 	: 	: 
A,DE1001V,UK022C	207100 	208300 	210422 	213295 	214027 b	214926 	: 	: 	: 	: 
A,DE1001V,UK023C	100000 	100600 	101085 	101833 	102121 b	102103 	: 	: 	: 	: 
A,DE1001V,UK024C	326500 	333600 	341407 	349148 	356682 b	363467 	: 	: 	: 	: 
A,DE1001V,UK025C	257400 	257600 	258353 	259618 	260354 b	260659 	: 	: 	: 	: 
A,DE1001V,UK026C	250100 	250600 	251338 	252437 	254519 b	255606 	: 	: 	: 	: 
A,DE1001V,UK027C	251300 	252300 	253697 	255514 	258972 b	260967 	: 	: 	: 	: 
A,DE1001V,UK028C	309800 	312600 	316585 	322092 	326994 b	330139 	: 	: 	: 	: 
A,DE1001V,UK029C	320300 	320600 	320907 	321069 	322506 b	323016 	: 	: 	: 	: 
A,DE1001V,UK030C	178900 	181100 	183448 	186313 	187812 b	190392 	: 	: 	: 	: 
A,DE1001V,UK031C	160200 	162100 	164227 	166105 	169411 b	171460 	: 	: 	: 	: 
A,DE1001V,UK032C	140400 	142000 	144519 	147050 	147311 b	147833 	: 	: 	: 	: 
A,DE1001V,UK033C	136200 	137600 	139091 	140212 	141083 b	141578 	: 	: 	: 	: 
A,DE1001V,UK034C	125900 	126100 	126247 	126669 	128167 b	128781 	: 	: 	: 	: 
A,DE1001V,UK035C	115600 	115900 	116173 	116655 	117709 b	118058 	: 	: 	: 	: 
A,DE1001V,UK036C	120900 	122500 	123768 	125201 	126699 b	128404 	: 	: 	: 	: 
A,DE1001V,UK037C	114700 	115300 	115852 	116371 	117245 b	118063 	: 	: 	: 	: 
A,DE1001V,UK038C	105300 	105400 	105378 	105518 	106337 b	106457 	: 	: 	: 	: 
A,DE1001V,UK039C	105900 	106500 	107300 	108171 	109439 b	109829 	: 	: 	: 	: 
A,DE1001V,UK040C	105000 	105600 	106225 	106996 	108228 b	108709 	: 	: 	: 	: 
A,DE1001V,UK041C	103900 	104200 	104348 	104424 	104553 b	104604 	: 	: 	: 	: 
A,DE1001V,UK042C	87000 	87100 	87331 	87447 	87601 b	88116 	: 	: 	: 	: 
A,DE1001V,UK043C	97700 	98000 	98420 	98916 	99205 b	99394 	: 	: 	: 	: 
A,DE1001V,UK044C	99500 	99500 	99431 	99565 	101275 b	101148 	: 	: 	: 	: 
A,DE1001V,UK045C	92500 	92600 	92542 	92655 	92932 b	93131 	: 	: 	: 	: 
A,DE1001V,UK046C	98000 	98300 	98542 	98535 	98820 b	99618 	: 	: 	: 	: 
A,DE1001V,UK047C	100300 	101000 	102006 	102760 	103127 b	103206 	: 	: 	: 	: 
A,DE1001V,UK048C	90500 	90900 	91295 	91867 	92858 b	92834 	: 	: 	: 	: 
A,DE1001V,UK049C	80100 	80100 	80218 	80383 	80401 b	80613 	: 	: 	: 	: 
A,DE1001V,UK050C	84500 	84500 	84607 	84857 	85146 b	85097 	: 	: 	: 	: 
A,DE1001V,UK051C	77100 	77100 	77127 	77048 	76769 b	76603 	: 	: 	: 	: 
A,DE1001V,UK052C	83000 	84000 	84981 	85696 	86029 b	86393 	: 	: 	: 	: 
A,DE1001V,UK053C	125800 	126200 	126441 	126716 	127451 b	128014 	: 	: 	: 	: 
A,DE1001V,UK054C	426900 	429600 	432671 	435684 	436191 b	437936 	: 	: 	: 	: 
A,DE1001V,UK055C	337800 	337800 	338130 	338825 	339675 	340070 	: 	: 	: 	: 
A,DE1001V,UK056C	328700 	330500 	332569 	335297 	338942 b	342914 	: 	: 	: 	: 
A,DE1001V,UK057C	314000 	315100 	316132 	317049 	318489 b	320023 	: 	: 	: 	: 
A,DE1001V,UK058C	319200 	320300 	321499 	322541 	324088 b	325369 	: 	: 	: 	: 
A,DE1001V,UK059C	303200 	303900 	304499 	305605 	308157 b	309741 	: 	: 	: 	: 
A,DE1001V,UK060C	284500 	285900 	287744 	289645 	290433 b	291410 	: 	: 	: 	: 
A,DE1001V,UK061C	273500 	273400 	273619 	273984 	274721 b	274993 	: 	: 	: 	: 
A,DE1001V,UK062C	312800 	315500 	318087 	321084 	324046 b	326419 	: 	: 	: 	: 
A,DE1001V,UK063C	275900 	276500 	277020 	277556 	277278 b	277333 	: 	: 	: 	: 
A,DE1001V,UK064C	279500 	280200 	281029 	282367 	284175 b	285093 	: 	: 	: 	: 
A,DE1001V,UK065C	271500 	273200 	275134 	277405 	280090 b	282336 	: 	: 	: 	: 
A,DE1001V,UK066C	269700 	272600 	275254 	277517 	277287 b	277736 	: 	: 	: 	: 
A,DE1001V,UK067C	258500 	259400 	260428 	261358 	262759 b	264023 	: 	: 	: 	: 
A,DE1001V,UK068C	276900 	279600 	283176 	287253 	287664 b	289275 	: 	: 	: 	: 
A,DE1001V,UK069C	258600 	260400 	262129 	263456 	262713 b	263085 	: 	: 	: 	: 
A,DE1001V,UK070C	240000 	240800 	241840 	243448 	244971 b	245973 	: 	: 	: 	: 
A,DE1001V,UK071C	251000 	251900 	253357 	255242 	256619 b	257104 	: 	: 	: 	: 
A,DE1001V,UK072C	234700 	236800 	238581 	240269 	242594 b	244270 	: 	: 	: 	: 
A,DE1001V,UK073C	240800 	243700 	247414 	251906 	251368 b	252578 	: 	: 	: 	: 
A,DE1001V,UK074C	226600 	228000 	229794 	231774 	233054 b	234691 	: 	: 	: 	: 
A,DE1001V,UK075C	238000 	240500 	243827 	247170 	249727 b	252870 	: 	: 	: 	: 
A,DE1001V,UK076C	220400 	220700 	221232 	222441 	223614 b	224658 	: 	: 	: 	: 
A,DE1001V,UK077C	229300 	231300 	232873 	233981 	234852 b	235932 	: 	: 	: 	: 
A,DE1001V,UK078C	254000 	257500 	260504 	263121 	266881 b	268064 	: 	: 	: 	: 
A,DE1001V,UK079C	212100 	212500 	213579 	215180 	217405 b	219230 	: 	: 	: 	: 
A,DE1001V,UK080C	208100 	209400 	210168 	211104 	213050 b	214421 	: 	: 	: 	: 
A,DE1001V,UK081C	215700 	218100 	220979 	223968 	225078 b	225401 	: 	: 	: 	: 
A,DE1001V,UK082C	201800 	202400 	202619 	202901 	204024 b	205229 	: 	: 	: 	: 
A,DE1001V,UK083C	200100 	200300 	200751 	201294 	202524 b	202464 	: 	: 	: 	: 
A,DE1001V,UK084C	204400 	205800 	207062 	208252 	209339 b	209626 	: 	: 	: 	: 
A,DE1001V,UK085C	206900 	209500 	212836 	215751 	215286 b	214384 	: 	: 	: 	: 
A,DE1001V,UK086C	201200 	203400 	205648 	207612 	207542 b	209028 	: 	: 	: 	: 
A,DE1001V,UK087C	186400 	187000 	187679 	188277 	189066 b	189868 	: 	: 	: 	: 
A,DE1001V,UK088C	213000 	214900 	216480 	217533 	219472 b	221180 	: 	: 	: 	: 
A,DE1001V,UK089C	192800 	193700 	194461 	195242 	196223 b	196850 	: 	: 	: 	: 
A,DE1001V,UK090C	176200 	176700 	177400 	178034 	178906 b	179690 	: 	: 	: 	: 
A,DE1001V,UK091C	177400 	179400 	181121 	182550 	184124 b	185171 	: 	: 	: 	: 
A,DE1001V,UK092C	187700 	190100 	192953 	196087 	194203 b	194554 	: 	: 	: 	: 
A,DE1001V,UK093C	175300 	176900 	178317 	179251 	181207 b	182136 	: 	: 	: 	: 
A,DE1001V,UK094C	168100 	168900 	170300 	172068 	174748 b	176784 	: 	: 	: 	: 
A,DE1001V,UK095C	159800 	159800 	159687 	159357 	159827 b	159824 	: 	: 	: 	: 
A,DE1001V,UK096C	169800 	170900 	172136 	173364 	175196 b	176637 	: 	: 	: 	: 
A,DE1001V,UK097C	187400 	189400 	192221 	195538 	197825 b	199978 	: 	: 	: 	: 
A,DE1001V,UK098C	176800 	179000 	182180 	185287 	188866 b	191311 	: 	: 	: 	: 
A,DE1001V,UK099C	148500 	148600 	148706 	149045 	149375 b	149910 	: 	: 	: 	: 
A,DE1001V,UK100C	171200 	172400 	173363 	174222 	175282 b	175533 	: 	: 	: 	: 
A,DE1001V,UK101C	160300 	162700 	165088 	167502 	169363 b	170768 	: 	: 	: 	: 
A,DE1001V,UK102C	148000 	148200 	148170 	148240 	148490 	148730 	: 	: 	: 	: 
A,DE1001V,UK103C	157000 	157400 	158075 	158920 	159755 	160235 	: 	: 	: 	: 
A,DE1001V,UK104C	158200 	160000 	161282 	162203 	162888 b	163139 	: 	: 	: 	: 
A,DE1001V,UK105C	141700 	141000 	140040 	139387 	139927 b	139588 	: 	: 	: 	: 
A,DE1001V,UK106C	158300 	160600 	163159 	165430 	166725 b	168843 	: 	: 	: 	: 
A,DE1001V,UK107C	147500 	149000 	150546 	152021 	152881 b	153798 	: 	: 	: 	: 
A,DE1001V,UK108C	147500 	147100 	146795 	146948 	148617 b	148857 	: 	: 	: 	: 
A,DE1001V,UK109C	146300 	146700 	147305 	148459 	150482 b	152394 	: 	: 	: 	: 
A,DE1001V,UK110C	138800 	139000 	139314 	139954 	140483 b	140592 	: 	: 	: 	: 
A,DE1001V,UK111C	153700 	156400 	158786 	160433 	154937 b	154455 	: 	: 	: 	: 
A,DE1001V,UK112C	131800 	132500 	133179 	133628 	134827 b	135514 	: 	: 	: 	: 
A,DE1001V,UK113C	140500 	140400 	140877 	141552 	141185 b	141582 	: 	: 	: 	: 
A,DE1001V,UK114C	142500 	144000 	145316 	146040 	147060 b	147234 	: 	: 	: 	: 
A,DE1001V,UK115C	138600 	138900 	139664 	140171 	139885 b	141383 	: 	: 	: 	: 
A,DE1001V,UK116C	124700 	125600 	126549 	127756 	128545 b	129227 	: 	: 	: 	: 
A,DE1001V,UK117C	135100 	136700 	138172 	139957 	140109 b	140745 	: 	: 	: 	: 
A,DE1001V,UK118C	142400 	143800 	145155 	146458 	148252 b	148940 	: 	: 	: 	: 
A,DE1001V,UK119C	330600 	331600 	333064 	334799 	336855 b	339244 	: 	: 	: 	: 
A,DE1001V,UK120C	134600 	134800 	135283 	135754 	138498 b	138006 	: 	: 	: 	: 
A,DE1001V,UK121C	116000 	116200 	116638 	117156 	117173 b	117109 	: 	: 	: 	: 
A,DE1001V,UK122C	124000 	125100 	126404 	127823 	128719 b	129184 	: 	: 	: 	: 
A,DE1001V,UK123C	115800 	117300 	118504 	119215 	120054 b	121027 	: 	: 	: 	: 
A,DE1001V,UK124C	108000 	108000 	108089 	108282 	108331 b	108331 	: 	: 	: 	: 
A,DE1001V,UK125C	108600 	109400 	110374 	111120 	111605 b	112056 	: 	: 	: 	: 
A,DE1001V,UK126C	: 	: 	95954 	96588 	96626 b	96721 	: 	: 	: 	: 
A,DE1001V,UK127C	: 	: 	84480 	85018 	85501 b	85396 	: 	: 	: 	: 
A,DE1001V,UK128C	: 	: 	128952 	129331 	130022 b	131159 	: 	: 	: 	: 
A,DE1001V,UK129C	: 	: 	95319 	95835 	95954 b	95480 	: 	: 	: 	: 
A,DE1001V,UK130C	: 	: 	102972 	103629 	105821 b	106772 	: 	: 	: 	: 
A,DE1001V,UK131C	: 	: 	66144 	67521 	68918 b	70184 	: 	: 	: 	: 
A,DE1001V,UK132C	: 	: 	97298 	98326 	99600 b	100759 	: 	: 	: 	: 
A,DE1001V,UK133C	: 	: 	: 	79330 	78960 	78455 	: 	: 	: 	: 
A,DE1001V,UK134C	: 	: 	: 	175245 	176380 	177310 	: 	: 	: 	: 
A,DE1001V,UK135C	148626 	148915 	149336 b	149808 	150320 	150588 	: 	: 	: 	: 
